bleu,meteor,rouge,sacre_bleu,factual_consistency,semantic_similarity
0.24010118035098563,0.14688051602721186,0.21396634471727605,0.24967940926012683,0.17094191942571846,0.14669330976419204
0.12591976816633416,0.19434103563930005,0.20384163713891457,0.11748293783657965,0.2627415103725701,0.17481832489774135
0.128404271165043,0.13875620682956535,0.17268946065474586,0.13903995485283255,0.21814370074071054,0.14742029465312811
0.29975855626799974,0.2964632433162351,0.33892174536515346,0.2897840294956669,0.2415925620679017,0.2818294209567608
