,problems,solutions
0,"Decide if the following summary is consistent with the corresponding article.
      Note that consistency means all information in the summary is supported by the article.
      Explain your reasoning step by step first, and then answer (consistent or inconsistent) at the end:
      <Article>
      Washington (CNN)Israeli Prime Minister Benjamin Netanyahu criticized the deal six world powers struck to thwart Iran's nuclear ambitions, saying he sees better options than ""this bad deal or war."" ""I think there's a third alternative, and that is standing firm, ratcheting up the pressure until you get a better deal,"" Netanyahu told CNN's Jim Acosta Sunday on ""State of the Union."" His comments come as Democrats and Republicans spar over the framework announced last week to lift Western sanctions on Iran in exchange for the country dropping from 19,000 to 5,060 active centrifuges, limiting its highly enriched uranium, and increasing inspections. President Barack Obama endorsed the deal, saying it was better than the alternatives. But GOP contenders for the party's 2016 presidential nomination lambasted it, saying it gave Iran too much flexibility. On Sunday, the sparring continued. One Senate Democrat said Netanyahu needs to ""contain himself."" And a top Republican said almost any of Obama's successors as president ""could do better."" Netanyahu's most recent argument against the Iran nuclear deal was similar to the one he'd made in a March trip to Washington, when he addressed a joint session of Congress -- fueling a Republican push to have the deal sent to Congress before it's implemented. ""It does not roll back Iran's nuclear program. It keeps a vast nuclear infrastructure in place. Not a single centrifuge is destroyed. Not a single nuclear facility is shut down, including the underground facilities that they built illicitly. Thousands of centrifuges will keep spinning, enriching uranium,"" Netanyahu said Sunday. ""That's a very bad deal. "" Netanyahu said Iran is a country of ""congenital cheating"" and that it can't be trusted to abide by the terms of the deal, which lasts 10 years with some provisions extending well beyond that. He said his opposition has little to do with his frosty relationship with Obama. ""I think that we can have a legitimate difference of opinion on this, because I think Iran has shown to be completely distrustful,"" Netanyahu said. Democratic Sen. Dianne Feinstein of California, meanwhile, said she wishes Netanyahu ""would contain himself."" The top-ranking Democrat on the Senate Intelligence Committee said negotiators working on the deal -- from Iran and the United States, as well as Russia, China, Britain, France and Germany -- are ""on the cusp of something that can be workable."" ""It's a framework. It has to be wrapped into a final agreement. There still can be some changes,"" Feinstein said. ""But I don't think it's helpful for Israel to come out and oppose this one opportunity to change a major dynamic -- which is downhill, a downhill dynamic in this part of the world."" Energy Secretary Ernest Moniz defended the deal in an appearance on CBS' ""Face the Nation"" on Sunday, saying it would extend from two months to one year the ""breakout"" time period -- the length of time it would take Iran to build a nuclear bomb. He said it also allows for the ""almost instantaneous recognition of any attempt to evade the deal."" ""We have blocked all of these pathways to a bomb,"" he said. Sen. Lindsey Graham, R-South Carolina, said on ""Face the Nation"" that the best option for the United States is to keep current sanctions in place for two more years and then have a ""new crack at it with a new president that doesn't have the baggage of Obama."" And he said the alternatives to Obama on both sides -- with the exception of Sen. Rand Paul of Kentucky, who's called for a less active U.S. role overseas -- would likely strike a better deal. ""Hillary Clinton would do better. I think everybody on our side, except, maybe, Rand Paul, could do better,"" Graham said.
      </Article>

      <Summary>
      it's not clear whether the deal will not be used in iran.
      </Summary>

      Answer:
      ","Let's analyze the summary and the article step by step to determine if they are consistent.

1. **Summary Statement**: ""it's not clear whether the deal will not be used in iran.""
   - The summary suggests uncertainty about whether the deal will be implemented or adhered to in Iran.

2. **Article Content**:
   - The article discusses the Iran nuclear deal and the reactions to it from various parties, including Israeli Prime Minister Benjamin Netanyahu, U.S. President Barack Obama, and other political figures.
   - Netanyahu criticizes the deal, calling it a ""very bad deal"" and expressing distrust in Iran's adherence to the terms, citing Iran's history of ""congenital cheating.""
   - Democratic Sen. Dianne Feinstein and Energy Secretary Ernest Moniz defend the deal, suggesting it is workable and can be effective in limiting Iran's nuclear capabilities.
   - There is no explicit statement in the article suggesting uncertainty about whether the deal will be used or implemented in Iran. The focus is more on the debate over the deal's merits and potential effectiveness, not on whether it will be used or not.

3. **Consistency Check**:
   - The summary introduces a notion of uncertainty about the deal's use in Iran, which is not directly supported by the article. The article discusses opinions for and against the deal but does not address whether the deal will or will not be used in Iran.
   - The summary's claim is not explicitly contradicted by the article, but it is also not supported by any specific information in the article. The article does not provide any evidence or discussion about the clarity or lack thereof regarding the deal's use in Iran.

4. **Conclusion**:
   - Since the summary introduces information (uncertainty about the deal's use in Iran) that is not supported by the article, the summary is inconsistent with the article.

Answer: inconsistent"
1,"Decide if the following summary is consistent with the corresponding article.
      Note that consistency means all information in the summary is supported by the article.
      Explain your reasoning step by step first, and then answer (consistent or inconsistent) at the end:
      <Article>
      It's crunch time this weekend at the top of the Premier League as second-placed Arsenal host table toppers Chelsea - and it appears one star of the former's team cannot wait for the ever-nearing kick-off. Arsenal playmaker Mesut Ozil can now countdown the minutes until the 4pm encounter on Sunday with his brand new Apple Watch. The 26-year-old was the beneficiary of the timepiece - which ranges in price from £299 to £13,500 - as he visited an Apple store on Thursday afternoon. Arsenal midfielder Mesut Ozil (right) took to Instagram to show off his new Apple Watch on Thursday . Ozil compared his watch to TV character Michael Knight in the hit action show Knight Rider . Ozil took to Instagram to share his joy at his latest gift, comparing his gadget to former TV character Michael Knight from the hit action show Knight Rider. Accompanied with the caption: 'Excited about my new cool gadget! It's just like Michael Knight's watch, but a real one #knightrider #phone,' Ozil appears in awe of the device - which will be released on general sale on Friday. The midfielder, who has scored four goals in 25 matches for the Gunners in all competitions this season, is expected to start for Arsene Wenger's side at the Emirates Stadium on Sunday. Arsenal trail the Blues by 10 points with six league games remaining - but have been boosted by the return of Jack Wilshere. Wilshere was on the bench in their FA Cup semi-final win over Reading at Wembley on April 18 after five months out through injury. And club legend Ray Parlour believes that the 23-year-old’s fitness record is the one thing holding him back from reaching his undoubted potential in the Arsenal midfield. ‘I think he’s the future of the club,’ said Parlour. ‘I think if he stays fit, he’s a quality player, there’s no doubt about that. Jack Wilshere (centre) was on the bench for Arsenal's FA Cup semi-final against Reading . Ray Parlour, who won three championships with Arsenal, has backed Wilshere to be the future of the club . ‘The way he goes past players, the way he links up with people, I definitely think he’s got a big role to play. ‘But again, the big question mark is can he stay fit? Look at Abou Diaby. Diaby’s a terrific player. But look at him, the injuries the last few years. ‘The big burning question is can Wilshere have a full season without being injured for a long period, like he hasn’t had for the last three or four seasons.’ Wilshere, the England international, is pictured in training for Arsenal at London Colney last week .
      </Article>

      <Summary>
      it 's crunch time this weekend at the top of the premier league as second-placed arsenal host table toppers chelsea - and it appears one star of the former 's team can not wait for the ever-nearing kick-off . arsenal playmaker mesut ozil can now countdown the minutes until the 4pm encounter on sunday with his brand new apple watch . the 26-year-old was the beneficiary of the timepiece - which ranges in price from # 299 to # 13,500 - as he visited an apple store on thursday afternoon .
      </Summary>

      Answer:
      ","Let's analyze the summary step by step to check for consistency with the article:

1. **Crunch time at the top of the Premier League**: The summary states it's crunch time as Arsenal (second-placed) hosts Chelsea (table toppers). This is directly supported by the first sentence of the article.

2. **Mesut Ozil cannot wait for the kick-off**: The summary mentions Ozil's eagerness for the upcoming match, which aligns with the article's statement that ""one star of the former's team cannot wait for the ever-nearing kick-off.""

3. **Ozil's new Apple Watch**: The summary describes Ozil counting down to the match with his new Apple Watch. This is supported by multiple sentences in the article, including details about him visiting an Apple store and posting about it on Instagram.

4. **Price range of the watch**: The summary mentions the watch's price range (£299 to £13,500), which matches the exact figures given in the article.

5. **Timing of the purchase**: The summary states Ozil visited the Apple store on Thursday afternoon, which is explicitly mentioned in the article.

All the information in the summary is directly supported by the article, with no additional or contradictory claims. Therefore, the summary is consistent with the article.

Answer: consistent"
2,"Decide if the following summary is consistent with the corresponding article.
      Note that consistency means all information in the summary is supported by the article.
      Explain your reasoning step by step first, and then answer (consistent or inconsistent) at the end:
      <Article>
      The Garfield Weston Foundation made the award to the Mackintosh Campus Appeal, which aims to raise £32m.
The Mackintosh building was badly damaged by fire on 23 May 2014.
Contractors who are restoring the iconic Grade A-listed art nouveau building hope to have completed their work by the end of February 2019.
Philippa Charles, director of the Garfield Weston Foundation, said: ""The Garfield Weston Foundation supports organisations and activities that share a commitment to making a positive impact on the lives of the communities in which they work, and that are driven by a desire to achieve excellence.
""The Glasgow School of Art sits at the heart of the Garnethill community and the people of Glasgow hold the Mackintosh building dear.
""We are delighted to be able to support the Mackintosh Campus Appeal which will enable the GSA to bring this iconic building back as part an extended campus and enable the internationally-renowned Glasgow School of Art to recover fully from the impact of the fire.""
The art school announced earlier this year plans to purchase the former Stow College building in nearby West Campbell Street for its expanded Garnethill campus.
The aim is to provide additional space to accommodate a 25% increase in student numbers by 2018.
News of the £500,000 donation emerged as the Secretary of State for Scotland, David Mundell, prepared to host an event for the Mackintosh Campus Project at Dover House in London.
Mr Mundell said: ""It is a real pleasure to host tonight's fundraising event for the Mackintosh Campus, and to support the rebuilding of an iconic British institution which has produced so many leading architects, designers and artists.""
Professor Tom Inns, director of GSA, added: ""It is an important opportunity for us to share our ambitious plans for the campus redevelopment, including bringing together all pathways of the School of Fine Art for the first time in many years in a refurbished Stow Building, and to give an update on the restoration of the Mackintosh Building.""
After the Mackintosh building blaze, an investigation by the Scottish Fire and Rescue Service concluded it was caused by flammable gases from a canister of expanding foam.
The report said the gases ignited as they came into contact with the hot surface of a projector.
      </Article>

      <Summary>
      a # 500,000 donation donation has been made to build a new building at glasgow school campus in glasgow.
      </Summary>

      Answer:
      ","Let's analyze the summary and the article step by step to determine consistency:

1. **Donation Amount**: The summary mentions a £500,000 donation, which matches the article's mention of a £500,000 donation from the Garfield Weston Foundation. This part is consistent.

2. **Purpose of Donation**: The summary states the donation is for ""building a new building at Glasgow School campus."" However, the article clarifies that the donation is for the ""Mackintosh Campus Appeal,"" which aims to restore the damaged Mackintosh building and expand the campus (including purchasing the former Stow College building). The donation is not explicitly for a ""new building"" but for restoration and expansion, which may include repurposing existing structures. This part is somewhat inconsistent or at least imprecise.

3. **Location**: The summary mentions ""Glasgow School campus in Glasgow,"" which is consistent with the article's references to the Glasgow School of Art and its location in Glasgow.

4. **New Building vs. Restoration/Expansion**: The summary's emphasis on a ""new building"" is misleading because the article focuses on restoring the existing Mackintosh building and expanding the campus (including repurposing the Stow College building), not constructing a brand-new building. This is a key inconsistency.

Conclusion: While the donation amount and location are accurate, the summary misrepresents the purpose of the donation by implying it is for a ""new building"" rather than restoration and expansion. Therefore, the summary is **inconsistent** with the article. 

Answer: inconsistent."
3,"Decide if the following summary is consistent with the corresponding article.
      Note that consistency means all information in the summary is supported by the article.
      Explain your reasoning step by step first, and then answer (consistent or inconsistent) at the end:
      <Article>
      The 22-year-old fractured her neck and back, dislocated her pelvis and slipped a disc in her neck after colliding with Elis Ligtlee during the omnium final.
Norfolk's Williamson spent four weeks in hospital after January's accident.
""They were pretty sure paralysis was going to be the outcome while I was in Rotterdam, but luckily I pulled through,"" she told BBC Look East.
""Being an athlete, I think they said because my neck and back were so strong I was able to withstand the force.
""Although I did break a few bones, my spinal cord stayed intact and I'm here to live another day.""
Racing at the event was cancelled after the 2013 World Championships bronze medallist's crash, with fans asked to leave the velodrome.
""I have no memories, which is probably pretty good,"" she said. ""It's not going to put me off in the future,"" she said.
""I remember holding onto the fence getting ready to roll up to the final and then next thing I know I was in hospital and someone was telling me I'd had an accident. I just responded with 'did I win?'. That was all I was worried about.""
Williamson hopes to be back ""easy riding"" on a bike by the end of the summer and says she has the right support around her to make a full recovery.
Media playback is not supported on this device
""I'm going to get back on a bike eventually,"" she added. ""I've got no timescale yet, but I don't know what level I'll be able to get to. I'll give it a good go.
""I've got the full support team behind me, I've got physios, doctors. We've got the world's best. At the end of the day, we're a great programme, so I've got every chance of getting back to where I was.""
      </Article>

      <Summary>
      former world champion williamson norfolk says she is ``lucky to be alive\'\'after suffering a serious neck injury in a motorbike crash.
      </Summary>

      Answer:
      ","Let's analyze the summary and the article step by step to determine if they are consistent.

1. **Identity of the Person**: The summary mentions ""former world champion Williamson Norfolk,"" which matches the article's reference to ""Norfolk's Williamson"" and her being a ""2013 World Championships bronze medallist."" This part is consistent.

2. **""Lucky to be alive""**: The article quotes Williamson saying, ""I'm here to live another day,"" which implies she feels lucky to be alive. This is consistent with the summary.

3. **Serious Neck Injury**: The article mentions that Williamson fractured her neck, dislocated her pelvis, and slipped a disc in her neck. This qualifies as a serious neck injury, so the summary is correct here.

4. **Motorbike Crash**: The article states that the injury occurred during a collision with Elis Ligtlee during the omnium final, which is a cycling event. The summary incorrectly describes it as a ""motorbike crash."" This is inconsistent with the article.

Since the summary inaccurately describes the accident as a motorbike crash (it was a cycling accident), the summary is **inconsistent** with the article.

Answer: inconsistent."
4,"Decide if the following summary is consistent with the corresponding article.
      Note that consistency means all information in the summary is supported by the article.
      Explain your reasoning step by step first, and then answer (consistent or inconsistent) at the end:
      <Article>
      Her Royal Highness took the baton at the Hamburg Symphony Orchestra's new home, the Elbphilharmonie concert hall.It was part of an event where 250 schoolchildren were introduced to music in front of the Duke and Duchess.The Royal party are due back in the UK on Friday evening, after a five-day tour that began in Poland on Monday.On the last day of the tour, the Duchess, who comes from a musical family and played the flute at school, took the musicians through the first notes of Beethoven's fifth symphony.The royal couple then listened to a performance of a symphony especially adapted for young people, and then went on stage to learn more about the orchestra.Earlier, Catherine and William walked around the stage accompanying six children trying out different instruments, including a violin, flute, timpani [kettle drums] and trombone.Later the Duke of Cambridge gave Prince George and Princess Charlotte a guided tour of a helicopter at the Airbus factory in Hamburg.Prince George tried on a pilot's helmet while Princess Charlotte played with buttons in the cockpit.The Duke flew helicopters when he was an air ambulance pilot.Antoine van Gent, head of flight testing at Airbus, said: ""The Duke was very relaxed showing his children the professional aircraft he uses.""George was excited, with the first helicopter he wanted to sit in the cockpit and then he wanted to sit in the next one, he already knew there was a difference between them.""Charlotte was less impressed after taking a tumble on the concrete after leaving the aircraft but Mr van Gent said she enjoyed playing in the pilot's seat.
      </Article>

      <Summary>
      the duke and duchess of cambridge have joined the duke and duchess of cambridge for the first time.
      </Summary>

      Answer:
      ","Let's analyze the summary and the article step by step to determine if they are consistent.

1. **Summary Statement**: ""the duke and duchess of cambridge have joined the duke and duchess of cambridge for the first time.""

   - This statement is self-referential and logically inconsistent. It claims that the Duke and Duchess of Cambridge joined themselves, which is impossible. The article does not mention any other royal couple joining the Duke and Duchess of Cambridge. The only activities described involve the Duke and Duchess of Cambridge participating in events with schoolchildren, musicians, and their own children (Prince George and Princess Charlotte).

2. **Article Content**:
   - The article describes the Duke and Duchess of Cambridge's activities during their five-day tour, including their visit to the Elbphilharmonie concert hall, interactions with schoolchildren and musicians, and a tour of a helicopter at the Airbus factory with their children.
   - There is no mention of any other royal couple or any event where the Duke and Duchess of Cambridge joined another pair of the same title.

3. **Consistency Check**:
   - The summary's claim is not supported by the article in any way. The article does not describe any scenario where the Duke and Duchess of Cambridge joined another Duke and Duchess of Cambridge or any other royal couple.

**Conclusion**: The summary is inconsistent with the article. 

Answer: inconsistent."
5,"Decide if the following summary is consistent with the corresponding article.
      Note that consistency means all information in the summary is supported by the article.
      Explain your reasoning step by step first, and then answer (consistent or inconsistent) at the end:
      <Article>
      floyd mayweather v manny pacquiao will be the biggest fight of all time financially and the most significant this century .
evaluating the greatest ever fights is a complex variable of several factors including not only the quality and excitement of the action but the political , social and cultural undertones , the scale of expectation and outside influences .
where money man v pacman comes to rank among the most important fights in ring history will depend upon what happens that coming night in the mgm grand garden arena .
in this , the sixth in a series of 12 fights that shaped boxing history , i recall when a hard man could take no more ...
sugar ray leonard v roberto duran
the first two of the three fights between the sugar man and hands of stone raised the curtain on what is considered the golden age of boxing in the classic middling weights of boxing , with ray leonard , roberto duran , thomas hearns and marvin hagler engaging each other in some of the ring 's epic battles .
by way of a preview , leonard had defeated the previous -- and equally great -- felix trinidad to win the world welterweight title .
sugar ray leonard celebrates after roberto duran quit in their fight in louisiana in november 1980
leonard decided to use his exceptional speed and movement to beat the panamanian in the second fight
october 30 , 1974 , kinshasa , zaire
march 8 , 1971 , madison square garden , new york
july 4 , 1910 , reno , nevada
june 22 , 1938 , yankee stadium , new york
october 1 , 1975 , quezon city , philippines
in his first defence , sugar ray had been contentiously outpointed by duran in montreal 's olympic stadium .
so confused was the scoring that the result was first announced as a majority decision .
that was changed to unanimous in duran 's favour after one judge was found to have totalled his score incorrectly and his card was altered from a draw to 148-147 .
there was more uproar when that judge was revealed to have marked just three rounds in favour of duran and only two for leonard -- with 10 even .
that was described as ` a monument to indecision ' .
come the inevitable rematch eight months later , in the louisana superdome in new orleans on november 25 , 1980 , controversy was to be replaced by disbelief .
leonard had gambled in the first fight by taking the macho decision to take on the panamanian hard man in a mano-a-mano slug-out .
second time around he wisely chose to use his exceptional ability , especially his speed and movement .
duran became frustrated as leonard danced around him before unleashing his punches
after being caught flush in the face in the eighth round , duran turned his back and said ` no mas '
` the whole fight i was moving .
then voom , i 'd snap his head back with a jab .
voom , i 'd snap it back again .
he 'd try to get me on the ropes .
i 'd pivot , spin off and pow , come under with a punch . '
so it went for more than seven rounds , with duran becoming increasingly frustrated .
in the eighth leonard cranked up the psychological pressure by waving his right arm in circles and then planting a left flush in duran 's face .
there had been a moment earlier when leonard appeared to pat him playfully on the backside .
just before the bell duran turned his back and walked to his corner , waving his arms to indicate he was finished and famously telling the referee : ` no mas . '
leonard celebrates after his opponent quit , and said it was more of an achievement than knocking duran out
the result stunned the watching world , and it took three years for duran to rebuild his reputation
the watching world was stunned .
here was one of the most heroic warriors in boxing history quitting in the most humiliating manner possible .
sensing the reaction duran claimed he had stomach cramps caused by eating too heavily after the morning weigh-in .
but his manager carlos eleta said : ` he always eats like that before a fight .
he quit because he was embarrassed . '
duran had been a national icon in panama and there was anger on the streets at his action .
television commercials featuring him were taken off .
it took three years for duran to restore his high place in his country 's esteem .
he did so on june 16 , 1983 , his 32nd birthday , by knocking out davey moore in las vegas to win the world light-middleweight title .
rejoicing returned to the streets .
leonard would win their third fight in 2012 by a points landslide , thereby retaining the world super-middleweight title .
but sugar ray took most pride from the trilogy from forcing duran to say no mas .
he said : ` to me , making roberto duran to quit was better than knocking him out . '
      </Article>

      <Summary>
      floyd mayweather v manny pacquiao will be the biggest fight of all time
money man v pacquiao is the sixth in a series of 12 fights that shaped boxing history
the first two of the three fights between the sugar man and hands of stone raised the curtain on what is considered the golden age of boxing
click here for all the latest boxing news
      </Summary>

      Answer:
      ","Let's analyze the summary step by step to see if it's consistent with the article.

1. ""floyd mayweather v manny pacquiao will be the biggest fight of all time""
   - The article states: ""floyd mayweather v manny pacquiao will be the biggest fight of all time financially and the most significant this century.""
   - The summary leaves out ""financially and the most significant this century,"" but the core claim is supported.

2. ""money man v pacquiao is the sixth in a series of 12 fights that shaped boxing history""
   - The article states: ""in this, the sixth in a series of 12 fights that shaped boxing history...""
   - This is accurately reflected in the summary.

3. ""the first two of the three fights between the sugar man and hands of stone raised the curtain on what is considered the golden age of boxing""
   - The article states: ""the first two of the three fights between the sugar man and hands of stone raised the curtain on what is considered the golden age of boxing in the classic middling weights of boxing...""
   - The summary captures this accurately, though it omits some details about weight classes.

4. ""click here for all the latest boxing news""
   - This is not mentioned anywhere in the article. It appears to be an external link or call-to-action that wasn't part of the original text.

The first three points in the summary are supported by the article, though some details are omitted. However, the fourth point (""click here..."") is not supported by the article at all. Since consistency requires that all information in the summary must be supported by the article, this makes the summary inconsistent.

Final answer: inconsistent"
6,"Decide if the following summary is consistent with the corresponding article.
      Note that consistency means all information in the summary is supported by the article.
      Explain your reasoning step by step first, and then answer (consistent or inconsistent) at the end:
      <Article>
      Wanted: Police in Maryland have issued a warrant for the arrest of 26-year-old karate instructor Alexander Soumbadze who has been charged with eight counts of child pornography Police in Maryland have launched a manhunt for a 26-year-old karate instructor who has been charged with possessing child pornography. The Montgomery County Police Department said Friday that Alexander Soumbadze faces eight possession of child pornography counts. Soumbadze has recently admitted to trading and receiving child pornography, after which police say the Georgian national fled the country. An investigation also uncovered videos of the martial arts expert inappropriately touching and engaging in sexual acts with adolescent males at a Maryland karate studio where he was co-owner and instructor. Officials say the videos were taken before October 2011 and that they are attempting to locate victims to determine possible additional charges. According to Montgomery County police, the 26-year-old, a native of Tbilisi, Georgia, fled the US after confessing to the crimes. A warrant has been issued for the arrest of the Bethesda resident. According to a press release put out by the Montgomery County police Friday, in December 2014, the agency was tipped off by colleagues in South Dakota that a Maryland resident was uploading child pornography. Vile acts: Police have recovered videos showing the martial arts teacher (far right) molesting boys at the On The Mat Sports International in Chevy Chase, formerly known as DC Martial Arts Fugitive: The Tbilisi, Georgia, native admitted to trading child pornography videos earlier this month. Two days after his interview with police, he fled, possibly returning to his native country Armed with court orders, detectives in Maryland were able to obtain subscription information corresponding to the suspect, which led them to Soumbadze. On April 1, 2015, police executed a search warrant at Soumbadze’s home in Bethesda, seizing several electronic devices that yielded eight pornographic videos featuring children. Other recordings recovered by police allegedly showed the suspect molesting boys at his karate studio on Wisconsin Avenue in Chevy Chase. Soumbadze has been affiliated with the On The Mat Sports International karate studio, formerly known as DC Martial Arts, since he was a young child and took classes there as a martial arts student. During an interview with police, the 26-year-old sensei admitted to trading and receiving child porn. Close ties: Soumbadze has been affiliated with karate studio (pictured) since he was a young child and took classes there as a martial arts student Two days after Soumbadze was questioned by police, he fled the country, possibly returning to his native Georgia. Police spokeswoman Rebecca Innocenti told Bethesda Magazine that Georgia has an extradition treaty with the US, but their goal now is to complete the investigation and identify the victims in the videos before setting the diplomatic process in motion. In a profile of the On the Mat studio in February, Soumbadze told BethesdaNow.com that his parents, both Georgian diplomats, brought him to the US when he was 5 years old. He graduated from Bethesda-Chevy Chase High School in 2006.
      </Article>

      <Summary>
      alexander UNK has been charged with eight counts of child pornography . he has been charged with eight counts of child pornography . he has been charged with eight counts of child pornography . he has been charged with eight counts of child pornography .
      </Summary>

      Answer:
      ","Let's analyze the summary and the article step by step to determine if the summary is consistent with the article.

1. **Subject Identification**: The summary refers to ""alexander UNK,"" which appears to be a placeholder or corrupted version of ""Alexander Soumbadze,"" the individual named in the article. Despite the placeholder, it is clear that the subject is the same person.

2. **Charges**: The summary states that ""alexander UNK has been charged with eight counts of child pornography."" This is directly supported by the article, which explicitly mentions that ""Alexander Soumbadze faces eight possession of child pornography counts.""

3. **Repetition in Summary**: The summary repeats the same sentence four times (""he has been charged with eight counts of child pornography""). While this is redundant, it does not introduce any inconsistency because the statement is accurate based on the article.

4. **Other Details**: The summary does not include additional details from the article (e.g., Soumbadze's profession, his fleeing the country, the videos at the karate studio). However, consistency does not require the summary to include all details—only that the details it does include are supported by the article. The summary's sole claim is supported.

### Conclusion:
The summary is consistent with the article because the only information it provides (the charge of eight counts of child pornography) is explicitly confirmed by the article. The repetition does not affect consistency.

Answer: consistent"
7,"Decide if the following summary is consistent with the corresponding article.
      Note that consistency means all information in the summary is supported by the article.
      Explain your reasoning step by step first, and then answer (consistent or inconsistent) at the end:
      <Article>
      It seemed like a major coup for Ed Miliband. Martin Freeman, one of Britain’s most bankable Hollywood stars, was last night unveiled as the first big celebrity backer of Labour’s 2015 general election campaign. The millionaire actor, who has enjoyed a dizzying rise to international superstardom with the Hobbit trilogy, was the focus of a glossy three-minute film in which he insisted Mr Miliband’s party would ‘make sure the economy works for all of us, not just the privileged few’. Millionaire actor Martin Freeman (pictured) is the focus of a glossy three-minute film in which he insists Mr Miliband’s party would ‘make sure the economy works for all of us, not just the privileged few’ But last night, the Labour leader faced embarrassment after it emerged that Freeman is a former supporter of Arthur Scargill’s far-left socialist party which openly refused to vote Labour at the 2005 general election. Freeman himself also faced accusations of hypocrisy after it was reported that he sends his son to a £12,000-a-year private school. Not only that, but his long term partner once declared herself bankrupt over an unpaid £120,000 tax bill – despite Freeman having an estimated fortune of £10million. In last night’s three-minute broadcast, Freeman, who found fame in the satirical British sitcom The Office, said: ‘I don’t know about you, but my values are about community, compassion, decency; that’s how I was brought up.’ Freeman with his partner Amanda Abbington (pictured) who declared herself bankrupt over an unpaid £120,000 tax bill, despite living with Freeman, who is worth more than £10million . In an address straight to the camera, the 43-year-old, who also stars in Sherlock, claimed the Tories would take the country on a ‘rollercoaster of cuts’ while Labour would ‘make sure the economy works for all of us, not just the privileged few, like me’. The actor also insisted the Tories ‘don’t believe in the NHS’ and added: ‘For me, there’s only one choice – and I choose Labour.’ At first glance, it appeared to represent a much needed boost for Mr Miliband as Freeman is a good deal more famous than some of Labour’s other celebrity backers – such as Baldrick actor Tony Robinson. But last night it emerged that Mr Freeman spent years supporting a far-left Socialist Labour Party that was set up by the militant miners’ union boss Arthur Scargill in protest at New Labour. In an interview with the Guardian ahead of the 2005 election, Freeman declared that he voted for the party in 2001 and would not back Tony Blair. Asked how he would vote that year, he replied: ‘Not Labour’. The Socialist Labour Party, which is now almost defunct, campaigns for the ‘abolition of capitalism’ and the nationalisation of virtually every industry. Freeman faced accusations of hypocrisy after it was reported he sends his son to a private school . The Conservatives said Freeman’s decision to switch his support to Labour showed how far Mr Miliband had dragged the party to the Left. Tory MP Nigel Adams said: ‘Even Bilbo Baggins has recognised how far Labour has lurched to the left, imagine the chaos Red Ed would cause across Britain and the Shire.’ Labour was also facing potential embarrassment over revelations about Freeman’s personal life. Despite his socialist outlook, Freeman is reported to send his son to a school which charges up to £12,669 a year. A spokesman for the actor was asked to comment, but did not respond. It was a major coup for Labour leader Ed Miliband (pictured) but he faces embarrassment after it emerged Freeman is a former Scargill supporter . The star also hit the headlines two years ago after it emerged his long-term partner Amanda Abbington had declared herself bankrupt over an unpaid £120,000 tax bill, despite living with Freeman, who is worth more than £10million. Miss Abbington, who also appears in Sherlock, had been with Freeman for 11 years at the time. The couple have two children. The revelations sparked an outpouring of bad publicity for the couple, prompting Miss Abbington to settle her debts. She told the Radio Times later in 2013: ‘It’s fine, it’s being sorted out. It was a big mistake and I’m sorting it out right now. ‘It’s being paid off now. I would never want to go through this again. But I’m paying it off.’ Freeman’s decision to back Labour appeared to win the enthusiastic backing of Miss Abbington, who posted a message on Twitter saying: ‘F*** the Tories.’ Labour said the party election broadcast had received ‘unprecedented’ interest on the internet, with hundreds of thousands of people choosing to watch. The actor appears in front of a plain white background and, despite encouraging voters to put Labour in power, makes no mention of Mr Miliband or the prospect of him becoming the next prime minister. Instead, he focuses on contrasting Labour’s ‘values’ with those of the Tories, who he claims ‘have got sod all to offer the young’. Tory MP Nigel Adams said: ‘Labour is trying to whitewash Ed Miliband from their campaign – his MPs don’t want his photo on leaflets and now their party election broadcast doesn’t even mention him.'
      </Article>

      <Summary>
      martin freeman was last night unveiled as the first big celebrity backer of labour's 2015 general election campaign. the millionaire actor was the focus of a glossy three-minute film. freeman sends his son to a # 12,000-a-year private school. but his long term partner once declared herself bankrupt over an unpaid tax bill. freeman is a former supporter of arthur scargill's far-left socialist party.
      </Summary>

      Answer:
      ","Let's evaluate the consistency of the summary with the article step by step:

1. **Martin Freeman as a celebrity backer of Labour's campaign**: The article states that Martin Freeman was unveiled as the first big celebrity backer of Labour’s 2015 general election campaign. This matches the summary.  
   - **Consistent**.

2. **Millionaire actor in a glossy three-minute film**: The article mentions that Freeman, a millionaire actor, was the focus of a glossy three-minute film. This is also in the summary.  
   - **Consistent**.

3. **Freeman sends his son to a £12,000-a-year private school**: The article reports that Freeman faces accusations of hypocrisy for sending his son to a private school costing up to £12,669 a year. The summary says £12,000, which is a slight approximation but still supported by the article.  
   - **Consistent**.

4. **Long-term partner declared bankrupt over an unpaid tax bill**: The article discusses Freeman’s partner, Amanda Abbington, declaring bankruptcy over an unpaid £120,000 tax bill. This aligns with the summary.  
   - **Consistent**.

5. **Freeman is a former supporter of Arthur Scargill's far-left socialist party**: The article confirms that Freeman was a former supporter of Arthur Scargill’s Socialist Labour Party and refused to vote for Labour in 2005. This matches the summary.  
   - **Consistent**.

### Conclusion:
All the information in the summary is supported by the article, even if some details (like the exact school fee) are slightly approximated. There are no inconsistencies or unsupported claims.  

**Answer: consistent**"
8,"Decide if the following summary is consistent with the corresponding article.
      Note that consistency means all information in the summary is supported by the article.
      Explain your reasoning step by step first, and then answer (consistent or inconsistent) at the end:
      <Article>
      Residents on the east coast of Japan's Hokkaido Island had an unexpected change of scenery this morning after 1,000ft of seabed was forced to the surface overnight. The extra stretch of coastline on Shiretoko Peninsula near the town of Rausu has risen as high as 50ft from the sea surface in some places, exposing what used to be the ocean floor. Geologists believe the emergence is a result of a landslide nearby, when melting ice and snow caused a section of land to drop, pivoting the underwater area into the air. Scroll down for video . Surprise! A man stands on a clump of land that emerged overnight along the coastline of Shiretoko Peninsula near Rausu, on Hokkaido Island, Japan . 'An aerial survey indicates that the land swell happened as a result of a landslide', local researcher Yoshinori Yajima told the Hokkaido Shimbun newspaper after he flew over the area Monday. The mass, which has risen some 30 to 50ft above sea level,  measures roughly 1,000- 1,640ft long, and 100ft wide, a town official said. The new stretch of land came as a complete surprise to the locals, as there was no indication of the land movement overnight . 'The local residents said they didn't hear any sounds and there were no tremors (when the land appeared),' said Katsuhiro Tanaka, the president of the Rausu Fisheries Cooperative Association, who viewed the expanded coastline the day it was discovered. The mass, which has risen some 50ft above sea level, measures roughly 1,000- 1,640ft long, and 100ft wide . No clue: Local residents on Hokkaido island say they felt no tremors overnight, or heard any sounds to indicate movement, and that the landmass just appeared . New view: Local residents from Rausu, Hokkaido, take a look at the newly emerged coastline . Authorities have not been able to determine exactly when the landslide hit the snow-covered coastline, but they do not expect it to expand further, said an official at the central government's Hokkaido Regional Development Bureau. 'Our understanding is that this is different from earthquakes,' he told AFP. It is not believed to be related to the 7.8magnitude earthquake that struck the Kathmandu Valley on Saturday, which so far has claimed more than 4,000 lives. Under the sea: Marine organisms such as seaweed and sea urchins are still attached to the land mass .
      </Article>

      <Summary>
      the extra stretch of coastline on shiretoko peninsula near the town of rausu has risen as high as 50ft from the sea surface in some places . geologists believe the emergence is a result of a landslide, when melting ice and snow caused a section of land to drop . the mass, which has risen some 50ft above sea level, measures roughly 1,000- 1,640ft long, and 100ft wide .
      </Summary>

      Answer:
      ","Let's analyze the summary step by step to see if it is consistent with the article:

1. **Extra stretch of coastline on Shiretoko Peninsula near Rausu has risen as high as 50ft from the sea surface in some places**:  
   - The article states: ""The extra stretch of coastline on Shiretoko Peninsula near the town of Rausu has risen as high as 50ft from the sea surface in some places.""  
   - This matches exactly with the summary.  

2. **Geologists believe the emergence is a result of a landslide, when melting ice and snow caused a section of land to drop**:  
   - The article states: ""Geologists believe the emergence is a result of a landslide nearby, when melting ice and snow caused a section of land to drop, pivoting the underwater area into the air.""  
   - The summary captures this accurately, though it omits ""pivoting the underwater area into the air,"" which is not critical to the main point.  

3. **The mass, which has risen some 50ft above sea level, measures roughly 1,000-1,640ft long, and 100ft wide**:  
   - The article states this multiple times, e.g., ""The mass, which has risen some 30 to 50ft above sea level, measures roughly 1,000-1,640ft long, and 100ft wide,"" and later repeats ""some 50ft above sea level.""  
   - The summary is consistent here, though it uses the higher end of the height range (50ft), which is still supported by the article.  

### Conclusion:  
All the information in the summary is directly supported by the article. There are no inconsistencies or unsupported claims.  

Answer: consistent"
9,"Decide if the following summary is consistent with the corresponding article.
      Note that consistency means all information in the summary is supported by the article.
      Explain your reasoning step by step first, and then answer (consistent or inconsistent) at the end:
      <Article>
      Four-year-old James Hayward had his toy gun confiscated at East Midlands Airport . A four-year-old boy was frisked by airport security and then forced to hand over his plastic nerf gun after it was deemed a security risk. James Hayward had arrived at East Midlands Airport with his parents, Phil, 44, and Hazel, 38, with his brightly coloured toy - which fires sponge darts - packed in his hand luggage for their flight out to Lanzarote. But  security officers, who were described as 'over-zealous' by the boy's father, then took exception to James's harmless toy when it was picked up on the system's X-ray machines. They demanded he hand it over, and they also performed a thorough patting down and inspection of the primary school child. Dad Phil has labelled the security checks 'ludicrous' and criticized how staff reacted in the situation. Mr Hayward, a software engineer, said: 'Fair enough they are thorough but it just seemed a bit ludicrous to take a plastic gun away from a four-year-old. 'We were so late by this point I didn't have time to stop and argue with them so we just had to leave it because we didn't want to miss our flight. 'I explained to James we would get him a new one when we got back from our holiday. We were going for 10 days in Lanzarote over Easter. 'I thought it was a bit over-zealous of the security staff considering how many people were trying to get through at the time. 'No wonder it was taking so long if they wanted to pat down every little kid. Scroll down for video . After returning from the holiday to Lanzarote, the four-year-old boy was bought a replacement toy gun . The smile is back on James Hayward's face following the confiscation of his toy gun at East Midlands Airport . The £6 plastic gadget was described as a semi-automatic soft dart gun by its manufacturers, and James was bought a new one off eBay when the family returned from their holidays. East Midlands Airport apologised for the inconvenience but pointed out they had offered to post the toy back to the family's home in Doncaster, South Yorkshire. Defending the decision a spokeswoman said: 'The safety and security of our passengers is our first priority and all regulations on security are set by the government. 'This regulation states that no items may be permitted through security that resemble a prohibited item.' The hand luggage restrictions on all UK flights is set by the Department of Transport, and while there is no specific mention of models and makes of such 'toy guns,' the prohibited list does include 'replica or model guns.' East Midlands Airport said that 'no items may be permitted through security that resemble a prohibited item'
      </Article>

      <Summary>
      james hayward had his plastic nerf gun confiscated at east midlands airport . the four-year-old had packed it in his hand luggage for their flight out to lanzarote . but security officers took exception to the harmless toy when it was picked up on the system's x-ray machines . they demanded he hand it over, and they also performed a thorough patting down and inspection of the primary school child . east midlands airport apologised for the inconvenience but offered to post the toy back to the family's home in doncaster, south yorkshire .
      </Summary>

      Answer:
      ","Let's analyze the summary step by step to see if it's consistent with the article:

1. **James Hayward had his plastic nerf gun confiscated at East Midlands Airport**: This is supported by the article, which states that the toy gun was confiscated by security officers at East Midlands Airport.

2. **The four-year-old had packed it in his hand luggage for their flight out to Lanzarote**: This is supported by the article, which mentions that the toy was packed in James's hand luggage for their flight to Lanzarote.

3. **But security officers took exception to the harmless toy when it was picked up on the system's X-ray machines**: This is supported by the article, which describes how the toy was detected on the X-ray machines and deemed a security risk.

4. **They demanded he hand it over, and they also performed a thorough patting down and inspection of the primary school child**: This is supported by the article, which mentions that James was frisked and had to hand over the toy.

5. **East Midlands Airport apologised for the inconvenience but offered to post the toy back to the family's home in Doncaster, South Yorkshire**: This is supported by the article, which states that the airport apologized and offered to post the toy back to the family's home.

All the information in the summary is directly supported by the article. There are no discrepancies or unsupported claims.

Answer: consistent"
10,"Decide if the following summary is consistent with the corresponding article.
      Note that consistency means all information in the summary is supported by the article.
      Explain your reasoning step by step first, and then answer (consistent or inconsistent) at the end:
      <Article>
      Michael Phelps could be allowed to compete at this year's world swimming championships. USA Swimming banned the 18-time Olympic champion for six months following a second drink-driving offence in Baltimore last September. That is due to run out in early April but Phelps' punishment also resulted in him being excluded from the US team for the world championships in Kazan. Now Phelps is potentially in line for a reprieve, with USA Swimming executive director Chuck Wielgus telling ESPN.com: 'It's complicated, but there are ways in which it could happen. There's a pathway for things to be reconsidered - or considered.' Michael Phelps will be able to compete for USA when his ban runs out in early April . Phelps is an 18-time Olympic champion and could be back in action sooner than expected .
      </Article>

      <Summary>
      phelps is due to be excluded from the us team for the world championships.
      </Summary>

      Answer:
      ","To determine if the summary is consistent with the article, let's analyze the information step by step:

1. The article states that Michael Phelps was banned for six months following a second drink-driving offence, and this ban resulted in him being excluded from the US team for the world championships in Kazan. This directly supports the summary's statement that ""Phelps is due to be excluded from the US team for the world championships.""

2. While the article also mentions that there is a potential pathway for Phelps to be reconsidered for the team, this does not contradict the summary. The summary only states that he is ""due to be excluded,"" which is accurate based on the current information. The possibility of a reprieve is additional information that doesn't negate the initial exclusion.

3. The summary does not include any information that is not supported by the article. It accurately reflects one of the key points made in the article.

Therefore, the summary is consistent with the article.

Answer: consistent"
11,"Decide if the following summary is consistent with the corresponding article.
      Note that consistency means all information in the summary is supported by the article.
      Explain your reasoning step by step first, and then answer (consistent or inconsistent) at the end:
      <Article>
      (CNN)It was a typical practice day for the Washington University of rowing team, but then danger came from beneath. The scene was Creve Coeur Lake outside of St. Louis early Friday morning. The team's boat got near the dock, when suddenly a swarm of Asian carp emerged from the water and went on the attack, some even going into the boat. Team member Devin Patel described the moment of terror: ""The fish was flopping on my legs. It was so slippery that I couldn't get a grip on it."" Patel screamed at teammate Yoni David, ""Yoni, get it off me!"" Thankfully, no rowers were injured during the ordeal, but the strong smell of fish lingered in the moments afterward. Watch iReporter Benjamin Rosenbaum's video above.
      </Article>

      <Summary>
      no rowers were injured in the incident.
      </Summary>

      Answer:
      ","To determine if the summary is consistent with the article, let's analyze the information step by step:

1. The summary states: ""no rowers were injured in the incident.""
2. The article explicitly mentions: ""Thankfully, no rowers were injured during the ordeal.""

Since the information in the summary is directly supported by the article, the summary is consistent.

Answer: consistent"
12,"Decide if the following summary is consistent with the corresponding article.
      Note that consistency means all information in the summary is supported by the article.
      Explain your reasoning step by step first, and then answer (consistent or inconsistent) at the end:
      <Article>
      He may not be playing much at Manchester United but Anders Lindegaard certainly has a lot to smile about off the pitch as he enjoyed a spot of sunshine with stunning wife Misse Beqiri. Lindegaard tied the knot with the Swedish model last year in a romantic beach wedding in Mauritius. And the United goalkeeper, who has struggled for minutes throughout his career in Manchester, was keen to remind fans via his Instagram page of his marriage to stunning Beqiri. Manchester United goalkeeper Anders Lindegaard made the most of the English weather with Misse Beqiri . Lindegaard tied the knot with the stunning model last year and the couple have a son together . Danish international Lindegaard posted a link to Beqiri's Instagram account with the message: 'Day off with my sunshine @missebeqiri #cheshire #manchester' The Swedish beauty, who has Albanian roots, likes to flaunt her good looks on Instagram and regularly posts pictures while she's modelling at work. Lindegaard and Beqiri, who have a son together, have been dating since 2012. The 31-year-old moved to the Premier League in 2010 after signing from Norwegian side Aalesunds but has failed to make an impact. Beqiri, who is Swedish but has Albanian roots, regularly posts modelling photos on her Instagram page . With over 17,000 followers on Instagram, Beqiri made sure she showed her new haircut to her legion of fans . Lindegaard and Beqiri have been dating since 2012 and they married in a romantic Mauritius beach wedding . In five seasons, he has made just 19 league appearances and has been restricted to cup matches during his time in Manchester. With David de Gea in exceptional form under Louis van Gaal and Victor Valdes signing for the Red Devils in January, Lindegaard is now third-choice at Old Trafford. Lindergaard, who has been told he can leave United, was linked with a move to FC Midtjylland in January but the two clubs could not agree on a price. But despite his failure on the pitch, he's definitely winning away from it. The Denmark international (right) has struggled for regular football at Old Trafford since arriving in 2010 .
      </Article>

      <Summary>
      anders lindegaard tied the knot with the swedish model last year in a romantic beach wedding in mauritius . lindegaard tied the knot with the stunning model last year and the couple have a son together . danish international lindegaard posted a link to beqiri 's instagram account with the message : ` day off with my sunshine @missebeqiri #cheshire ' the swedish beauty , who has albanian roots , likes to flaunt her good looks on instagram .
      </Summary>

      Answer:
      ","Let's analyze the summary step by step to see if all the information is supported by the article.

1. ""anders lindegaard tied the knot with the swedish model last year in a romantic beach wedding in mauritius""  
   - The article states: ""Lindegaard tied the knot with the Swedish model last year in a romantic beach wedding in Mauritius.""  
   - This is consistent.

2. ""lindegaard tied the knot with the stunning model last year and the couple have a son together""  
   - The article states: ""Lindegaard tied the knot with the stunning model last year and the couple have a son together.""  
   - This is consistent.

3. ""danish international lindegaard posted a link to beqiri 's instagram account with the message : ` day off with my sunshine @missebeqiri #cheshire '""  
   - The article states: ""Danish international Lindegaard posted a link to Beqiri's Instagram account with the message: 'Day off with my sunshine @missebeqiri #cheshire #manchester'""  
   - The summary omits ""#manchester"" but the rest is consistent. The omission of a hashtag does not contradict the article.

4. ""the swedish beauty , who has albanian roots , likes to flaunt her good looks on instagram""  
   - The article states: ""The Swedish beauty, who has Albanian roots, likes to flaunt her good looks on Instagram and regularly posts pictures while she's modelling at work.""  
   - This is consistent.

All the information in the summary is supported by the article, even if some minor details (like the additional hashtag) are omitted. There are no contradictions.

Answer: consistent"
13,"Decide if the following summary is consistent with the corresponding article.
      Note that consistency means all information in the summary is supported by the article.
      Explain your reasoning step by step first, and then answer (consistent or inconsistent) at the end:
      <Article>
      France's Dubuisson carded a 67 to tie with overnight leader Van Zyl of South Africa on 16 under par.McIlroy carded a third straight five under-par 67 to move to 15 under par with Thailand's Kiradech Aphibarnrat.The world number three's round included an eagle on the 12th as he bids to win his first title since May.""The 67s I've shot this week have all been a little different and I feel like I've played within myself for all of them, "" said four-time major winner McIlroy of Northern Ireland. ""I feel there's a low round out there for me and hopefully it's tomorrow.""McIlroy was level par for the day after 10 holes, dropping his first shots of the week by three-putting the third and 10th, the latter mistake prompting the 26-year-old to throw his putter at his bag.But he hit back with a birdie on the par-five 11th and a towering four iron from 229 yards on the 13th set up an eagle from just four feet.The former world number one ruptured a ligament in his left ankle during a game of football with friends in July, ruling him out of several tournaments.But he returned in time to unsuccessfully defend his US PGA title at Whistling Straits in August and played in three of the FedEx Cup play-off events before starting the new PGA Tour season with a tie for 26th in the Frys.com Open in California.He is targeting a third Race to Dubai title in four years and leads England's Danny Willett by 271, 214 points with three events remaining after the Turkish Open.English pair Chris Wood (-13) and Richard Bland (-12) who were tied for second overnight are fifth and seventh respectively.
      </Article>

      <Summary>
      northern ireland\'s rory mcilroy is one shot off the lead after the first round of the fedex championship in california.
      </Summary>

      Answer:
      ","Let's analyze the summary and the article step by step to determine if they are consistent.

1. **Player Mentioned**: The summary mentions ""northern ireland's rory mcilroy,"" which is consistent with the article, as it refers to McIlroy as ""four-time major winner McIlroy of Northern Ireland.""

2. **Position in the Tournament**: The summary states McIlroy is ""one shot off the lead."" The article mentions that McIlroy is at 15 under par, while the leaders (Dubuisson and Van Zyl) are at 16 under par. This is consistent, as McIlroy is indeed one shot behind the leaders.

3. **Tournament Mentioned**: The summary mentions the ""fedex championship in california."" The article discusses McIlroy's performance in the Turkish Open (not the FedEx Championship) and mentions his earlier performance in the Frys.com Open in California. The FedEx Cup play-off events are mentioned, but the current tournament is the Turkish Open, not the FedEx Championship. This is inconsistent.

4. **Timing of the Round**: The summary refers to ""the first round,"" but the article discusses McIlroy's third straight 67, implying this is not the first round. This is inconsistent.

### Conclusion:
The summary contains inconsistencies regarding the tournament being played (FedEx Championship vs. Turkish Open) and the timing of the round (first round vs. later rounds). Therefore, the summary is not entirely supported by the article.

Answer: inconsistent"
14,"Decide if the following summary is consistent with the corresponding article.
      Note that consistency means all information in the summary is supported by the article.
      Explain your reasoning step by step first, and then answer (consistent or inconsistent) at the end:
      <Article>
      (CNN)Five Americans who were monitored for three weeks at an Omaha, Nebraska, hospital after being exposed to Ebola in West Africa have been released, a Nebraska Medicine spokesman said in an email Wednesday. One of the five had a heart-related issue on Saturday and has been discharged but hasn't left the area, Taylor Wilson wrote. The others have already gone home. They were exposed to Ebola in Sierra Leone in March, but none developed the deadly virus. They are clinicians for Partners in Health, a Boston-based aid group. They all had contact with a colleague who was diagnosed with the disease and is being treated at the National Institutes of Health in Bethesda, Maryland. As of Monday, that health care worker is in fair condition. The Centers for Disease Control and Prevention in Atlanta has said the last of 17 patients who were being monitored are expected to be released by Thursday. More than 10,000 people have died in a West African epidemic of Ebola that dates to December 2013, according to the World Health Organization. Almost all the deaths have been in Guinea, Liberia and Sierra Leone. Ebola is spread by direct contact with the bodily fluids of an infected person.
      </Article>

      <Summary>
      five americans who were monitored for three weeks at an omaha, nebraska, hospital after being exposed to ebola in west africa have been released.
      </Summary>

      Answer:
      ","To determine if the summary is consistent with the article, let's analyze the information step by step:

1. **Number of Americans and Monitoring Duration**: The summary states ""five Americans who were monitored for three weeks at an Omaha, Nebraska, hospital."" This matches the article, which mentions ""Five Americans who were monitored for three weeks at an Omaha, Nebraska, hospital.""

2. **Exposure to Ebola**: The summary mentions they were ""exposed to Ebola in West Africa."" The article confirms this, stating they ""were exposed to Ebola in Sierra Leone in March.""

3. **Release from Hospital**: The summary says they ""have been released."" The article supports this: ""have been released, a Nebraska Medicine spokesman said in an email Wednesday.""

4. **Additional Details**: While the article provides more details (e.g., one had a heart-related issue, they are clinicians for Partners in Health, etc.), the summary does not include these. However, consistency only requires that the summary's information is supported by the article, not that it includes all details.

Since all the information in the summary is directly supported by the article, the summary is consistent.

Answer: consistent"
15,"Decide if the following summary is consistent with the corresponding article.
      Note that consistency means all information in the summary is supported by the article.
      Explain your reasoning step by step first, and then answer (consistent or inconsistent) at the end:
      <Article>
      The much-anticipated film sparked controversy last week after it emerged it would feature a ""gay moment"".
It was due for release in Malaysia on Thursday, but Disney said it was being held for a ""review"" of its content.
The Malaysian Censorship Board (LPF) said on Tuesday it had approved the screening but with ""a minor edit concerning a gay moment in the film"".
Homosexual activity is illegal in Muslim majority Malaysia, although the country's tourism minister has said banning the film is ""ridiculous"".
A new release date has yet to be announced.   The live-action remake was granted a ""P13 parental guidance classification"".
""We have approved the film so there is no more issue. Once a film receives approval, it means it can be screened,"" LPF Chairman Datuk Abdul Hamid said.
""However, the date of screening and where the screening takes place is not under LPF's jurisdiction. We only look at the content and give a decision on whether the movie gets approved or not.""
Local cinema chains have been offering refunds for customers who have purchased tickets in advance.
Beauty and the Beast director Bill Condon has spoken about the ""exclusively gay moment"" in the film.
It involves LeFou - the sidekick of the film's main antagonist Gaston - who tries to come to terms with feelings for Gaston that swing between lust and admiration, as a side-plot to the main story.
The decision to review the Disney classic in Malaysia courted criticism from netizens, many of whom called it ""stupid and laughable"".
""Malaysia bans 'Beauty and the Beast' but is okay with nonsense Malay movies with no moral values, just full of brainless jokes,"" wrote a Twitter user in a tweet which drew more than 4,500 re-tweets.
Priyanka Laxmiâ€
      </Article>

      <Summary>
      disney has said it is ``disappointed\'\'that a new film about the disney film will be screened in malaysia.
      </Summary>

      Answer:
      ","Let's analyze the summary and the article step by step to determine if they are consistent.

1. **Summary Claim**: Disney has said it is ""disappointed"" that a new film about the Disney film will be screened in Malaysia.
   - The summary states that Disney expressed disappointment about the film being screened in Malaysia.

2. **Article Content**:
   - The article mentions that Disney said the film was being held for a ""review"" of its content in Malaysia.
   - The Malaysian Censorship Board (LPF) approved the film with a minor edit concerning a ""gay moment.""
   - There is no mention in the article of Disney expressing disappointment about the film being screened in Malaysia. The article does mention criticism from netizens and the tourism minister, but not from Disney.

3. **Consistency Check**:
   - The summary introduces a statement from Disney (""disappointed"") that is not present in the article. The article does not report any such sentiment from Disney.

Therefore, the summary is **inconsistent** with the article because it includes information (Disney's disappointment) that is not supported by the article.

Answer: inconsistent"
16,"Decide if the following summary is consistent with the corresponding article.
      Note that consistency means all information in the summary is supported by the article.
      Explain your reasoning step by step first, and then answer (consistent or inconsistent) at the end:
      <Article>
      The 22-year-old fractured her neck and back, dislocated her pelvis and slipped a disc in her neck after colliding with Elis Ligtlee during the omnium final.Norfolk's Williamson spent four weeks in hospital after January's accident.""They were pretty sure paralysis was going to be the outcome while I was in Rotterdam, but luckily I pulled through,"" she told BBC Look East.""Being an athlete, I think they said because my neck and back were so strong I was able to withstand the force.""Although I did break a few bones, my spinal cord stayed intact and I'm here to live another day.""Racing at the event was cancelled after the 2013 World Championships bronze medallist's crash, with fans asked to leave the velodrome.""I have no memories, which is probably pretty good,"" she said. ""It's not going to put me off in the future,"" she said.""I remember holding onto the fence getting ready to roll up to the final and then next thing I know I was in hospital and someone was telling me I'd had an accident. I just responded with 'did I win?'. That was all I was worried about.""Williamson hopes to be back ""easy riding"" on a bike by the end of the summer and says she has the right support around her to make a full recovery.Media playback is not supported on this device""I'm going to get back on a bike eventually,"" she added. ""I've got no timescale yet, but I don't know what level I'll be able to get to. I'll give it a good go.""I've got the full support team behind me, I've got physios, doctors. We've got the world's best. At the end of the day, we're a great programme, so I've got every chance of getting back to where I was.""
      </Article>

      <Summary>
      britain\'s williamson williamson says she is "" very worried "" after she was seriously injured in a crash at the european championships.
      </Summary>

      Answer:
      ","Let's analyze the summary and the article step by step to determine if they are consistent.

1. **Subject and Event**: 
   - The summary mentions ""britain's williamson williamson"" and her serious injury in a crash at the european championships.
   - The article discusses a 22-year-old named Williamson (likely British, given the reference to ""Norfolk's Williamson"") who was seriously injured in a crash during the omnium final (though the event is not explicitly called the European Championships in the article).

2. **Emotional State**:
   - The summary claims Williamson says she is ""very worried"" after the crash.
   - The article quotes Williamson as saying, ""It's not going to put me off in the future,"" and she expresses optimism about recovery and returning to biking. There is no mention of her being ""very worried"" at any point in the article. Instead, she seems resilient and focused on recovery.

3. **Injuries and Aftermath**:
   - The summary mentions she was ""seriously injured,"" which is consistent with the article's description of her fractures, dislocations, and hospital stay.
   - However, the emotional tone of ""very worried"" is not supported by the article.

4. **Event Name**:
   - The summary refers to the ""european championships,"" while the article mentions the ""omnium final"" and ""2013 World Championships bronze medallist's crash."" There is no explicit mention of the European Championships in the article, so this could be a discrepancy unless the omnium final was part of the European Championships (which is not clarified).

### Conclusion:
The summary is **inconsistent** with the article because:
- The claim that Williamson is ""very worried"" is not supported by the article; she is portrayed as optimistic and determined.
- The event is not explicitly identified as the European Championships in the article.

Answer: inconsistent"
17,"Decide if the following summary is consistent with the corresponding article.
      Note that consistency means all information in the summary is supported by the article.
      Explain your reasoning step by step first, and then answer (consistent or inconsistent) at the end:
      <Article>
      (CNN)Buzz has surrounded HBO's new documentary ""Going Clear: Scientology and the Prison of Belief,"" but Scientologist John Travolta is not a fan. Travolta told the Tampa Bay Times that he has not seen the documentary, ""and I don't really care to."" ""I've been so happy with my (Scientology) experience in the last 40 years that I really don't have anything to say that would shed light on (a documentary) so decidedly negative,"" Travolta said. The actor, one of the Church of Scientology's most high-profile members along with stars like Tom Cruise and Kirstie Alley, is premiering his new film, ""The Forger,"" in Clearwater, Florida. The HBO documentary is based on the book ""Going Clear: Scientology, Hollywood, and the Prison of Belief"" by Lawrence Wright and is critical of the organization, which has close ties to the showbiz industry. Travolta said he believed the doc was a result of ""people who were disgruntled with their experiences"" with the Church of Scientology, which he touted as a positive experience for him. ""I haven't experienced anything that the hearsay has (claimed), so why would I communicate something that wasn't true for me?"" Travolta asked. ""It wouldn't make sense, nor would it for Tom (Cruise), I imagine."" He called Scientology ""brilliant"" and credited the church with helping him to survive the death of his teen son, Jett, after a seizure while the family was on vacation in the Bahamas in 2009. ""Oh, my God, I wouldn't have made it,"" said Travolta, whose wife, Kelly Preston, is also a member. ""Honestly.""
      </Article>

      <Summary>
      hbo documentary `` going clear : scientology and the prison of belief , '' scientologist john travolta is not a fan . travolta says he has not seen the documentary , `` and i do n't really care to '' the actor , one of the church of scientology 's new film , is based on the book `` the forger , '' in clearwater , florida . travolta said he thought the doc was a factor .
      </Summary>

      Answer:
      ","Let's analyze the summary step by step to see if it is consistent with the article.

1. **""hbo documentary `` going clear : scientology and the prison of belief , '' scientologist john travolta is not a fan.""**  
   - Consistent. The article states that Travolta is not a fan of the documentary and does not care to see it.

2. **""travolta says he has not seen the documentary , `` and i do n't really care to ''""**  
   - Consistent. The article directly quotes Travolta saying, ""I have not seen the documentary, and I don't really care to.""

3. **""the actor , one of the church of scientology 's new film , is based on the book `` the forger , '' in clearwater , florida .""**  
   - Inconsistent. The article states that Travolta is premiering his new film ""The Forger"" in Clearwater, Florida, but the film is not based on a book. The HBO documentary is based on the book ""Going Clear: Scientology, Hollywood, and the Prison of Belief."" This part of the summary is incorrect and mixes up the details.

4. **""travolta said he thought the doc was a factor .""**  
   - Inconsistent. The article states that Travolta believed the documentary was a result of ""people who were disgruntled with their experiences,"" not that it was ""a factor."" The wording in the summary is vague and does not accurately reflect the article.

### Conclusion:  
The summary contains inaccuracies and misrepresents some details from the article. Therefore, it is **inconsistent**.  

Answer: inconsistent"
18,"Decide if the following summary is consistent with the corresponding article.
      Note that consistency means all information in the summary is supported by the article.
      Explain your reasoning step by step first, and then answer (consistent or inconsistent) at the end:
      <Article>
      (CNN)A high temperature of 63.5 degrees Fahrenheit might sound like a pleasant day in early spring -- unless you're in Antarctica. The chilly continent recorded the temperature (15.5 degrees Celsius) on March 24, possibly the highest ever recorded on Antarctica, according to the Weather Underground. The temperature was recorded at Argentina's Esperanza Base on the northern tip of the Antarctica Peninsula, according to CNN affiliate WTNH. (Note to map lovers: The Argentine base is not geographically part of the South American continent.) The World Meteorological Organization, a specialized United Nations agency, is in the process of setting up an international ad-hoc committee of about 10 blue-ribbon climatologists and meteorologists to begin collecting relevant evidence, said Randy Cerveny, the agency's lead rapporteur of weather and climate extremes and Arizona State University professor of geographical sciences. The committee will examine the equipment used to measure the temperature, whether it was in good working order, whether the correct monitoring procedures were followed, whether the equipment was placed in the correct location and whether the measurement is matched by corresponding records from surrounding stations, Cerveny said. The committee will discuss the issues and make a recommendation to Cerveny, who will make an official finding, probably by late summer or early fall. Researchers who study climate change carefully watch weather changes in the Antarctic region and elsewhere for evidence that the Earth is getting warmer.
      </Article>

      <Summary>
      the world meteorological organization is in the process of setting up an international ad-hoc committee of 10 blue-ribbon climatologists and meteorologists to begin collecting relevant evidence.
      </Summary>

      Answer:
      ","To determine if the summary is consistent with the article, let's analyze the information step by step:

1. **Summary Statement**: The summary states that the World Meteorological Organization (WMO) is setting up an international ad-hoc committee of 10 blue-ribbon climatologists and meteorologists to collect relevant evidence.

2. **Article Verification**:
   - The article explicitly mentions that the WMO is ""in the process of setting up an international ad-hoc committee of about 10 blue-ribbon climatologists and meteorologists to begin collecting relevant evidence.""
   - The article also provides additional context about the committee's purpose (e.g., examining equipment, monitoring procedures, etc.), but the summary only captures the part about the committee's formation and composition, which is accurate.

3. **Consistency Check**:
   - The summary does not introduce any information that contradicts the article.
   - The summary focuses on a specific part of the article, and that part is accurately represented.

Since the summary's information is fully supported by the article and does not add or misrepresent any details, it is consistent.

**Answer: consistent**"
19,"Decide if the following summary is consistent with the corresponding article.
      Note that consistency means all information in the summary is supported by the article.
      Explain your reasoning step by step first, and then answer (consistent or inconsistent) at the end:
      <Article>
      Mike Tindall wouldn't have moved any quicker had he been surging towards the posts in a Six Nations clash at Twickenham. In Aintree's crowded unsaddling area, the former England captain was making a beeline to the place marked with a big number '3', with his wife, Zara Phillips, scampering in hot pursuit. Not even a hug from AP McCoy could check his momentum. No wonder. Tindall was beaming from ear-to-ear having just seen Monbeg Dude, the horse whom he owns with James Simpson-Daniel and Nicky Robinson, run his heart out and wanted to be in place for when the old warrior, who was sent off unconsidered at 40/1, returned. Former England rugby captain Mike Tindall and wife Zara Philipps at Aintree ahead of the Grand National Tindall celebrates after watching his horse Monbeg Dude finish third in the National Monbeg Dude is now 10 and, according to his jockey Liam Treadwell, 'likes to do things at his own pace' but his resolution is not in question and this was the latest wonderful day he had given his owners and trainer Michael Scudamore. Think about this for a CV: a Welsh Grand National in January 2013, victory in a big chase at Cheltenham in December of the same year and being placed in a Hennessey Gold Cup at Newbury last November, then this. Not bad for a horse that cost £12,000. While the exultant connections of winner Many Clouds were celebrating a few yards away, their joy was almost matched by the happiness of the Monbeg Dude team; as Michael shook his head in wonder, his father Peter, the former champion jump jockey, dashed to engulf him in a bear hug. Here was thumping evidence that no other race stirs the emotions quite like the Crabbie's Grand National. The £88,400 was by far the biggest pot Monbeg Dude has collected in his 24-race career but the reactions of Tindal et al (ITALICISE) showed this was about far more than money. 'Pride is the word I would use,' said Michael Scudamore. 'I am so happy for the horse. He is unbelievably tough and brave. To put in a performance like that after coming here last year (finishing seventh), I am just so proud. The owners are buzzing, so is the jockey.' Many Clouds and Aspell jump a fence on the way to winning the 2015 Grand National at Aintree Treadwell's contented look as he strolled to the Owners and Trainers tent a little while after said as much. He won the Grand National in 2009, when steering Mon Mome to a 100/1 success, but this was the first time he had ridden in the race since 2010, when unseating at the 20th from Nozic. 'I am absolutely delighted,' said Treadwell. 'The horse didn't even know he had been in a race. He got hampered at Becher's Brook the first time and that checked his momentum but he has given me a fantastic ride. 'Last year he looked like he was going to be the winner going to the last and there was a point when I thought my run was going to take me there this time but he just flattened out a bit at The Elbow. But what a great day. I really appreciate everything about this atmosphere now.' He wasn't the only one. Aintree, even when you are defeated, is a place where dreams can come true.
      </Article>

      <Summary>
      mike tindall 's horse monbeg dude finished third in the six nations . tindall 's wife zara phillips was scampering in hot pursuit . monbeg dude is now 10 and ` likes to do things at his own pace ' .
      </Summary>

      Answer:
      ","Let's analyze the summary step by step to see if it's consistent with the article.

1. **""mike tindall 's horse monbeg dude finished third in the six nations""**:
   - The article states that Monbeg Dude finished third in the Crabbie's Grand National at Aintree, not the Six Nations. The Six Nations is mentioned in the article as a comparison to how fast Mike Tindall was moving, not as the event where Monbeg Dude competed. This is incorrect in the summary.

2. **""tindall 's wife zara phillips was scampering in hot pursuit""**:
   - This is correct. The article mentions that Zara Phillips was ""scampering in hot pursuit"" of Mike Tindall in the unsaddling area.

3. **""monbeg dude is now 10 and ` likes to do things at his own pace '""**:
   - This is correct. The article states that Monbeg Dude is now 10 and quotes the jockey Liam Treadwell saying the horse ""likes to do things at his own pace.""

### Conclusion:
The summary contains one incorrect piece of information (the event where Monbeg Dude finished third) and two correct pieces of information. Since consistency requires that all information in the summary is supported by the article, the summary is **inconsistent**. 

Answer: inconsistent"
20,"Decide if the following summary is consistent with the corresponding article.
      Note that consistency means all information in the summary is supported by the article.
      Explain your reasoning step by step first, and then answer (consistent or inconsistent) at the end:
      <Article>
      Share this withEmailFacebookMessengerMessengerTwitterPinterestWhatsAppLinkedInCopy this linkFour days after the launch of the anti-corruption move, long queues continue outside ATMs as people try to exchange the 500 ($7) and 1,000 notes.""It had to be done suddenly but I never thought I will receive blessings for this,"" Mr Modi said.He hinted that other measures aimed at fighting corruption and the black economy might follow.Urging people to be patient, Finance Minister Arun Jaitley said that it would take a few weeks for banks and ATMs to completely replace the old notes, estimated to make up some 85% of the total currency in circulation.Mr Jaitley said that nearly $30bn in the old notes had so far been deposited in banks across the country.But chaotic scenes can still be witnessed outside banks as public patience is beginning to wear out, says the BBC's Sanjoy Majumder in Delhi.Some traders and small business owners have threatened to go on strike because they have been badly affected, our correspondent says.The opposition has also been critical of the move, saying the rural and urban poor have been hit hardest.But Mr Modi thanked his fellow countrymen who had ""accepted the decision in national interest"".And he warned that there was ""no guarantee"" that new measures would not follow after the note-exchange scheme ends on 30 December.He said ""no-one would be spared"" in the drive against corruption. But ""honest people will not face any problem"", he added.After Mr Modi's surprise announcement on Tuesday night, the banks were closed on Wednesday.Thousands of panicked Indians have been flocking to banks since they reopened on Thursday.There are limits on cash withdrawals from ATMs and banks.The 500 ($7; Â£6) and 1,000 ($15; Â£12) rupee notes are the highest denomination notes in the country and are extremely common in India. Airports, railway stations, hospitals and fuel stations will only accept them until the end of today.People will be able to exchange their money at banks between 10 November and 30 December.The actual figure is unclear but correspondents say the issue of ""black money"" - which may have been acquired corruptly, or is being withheld from the tax authorities - is a huge problem. India's government hopes to flush out tax evaders and make money that is unaccounted for visible for tax purposes. There have been reports of tax raids in many parts of India.An individual can put as much as he or she likes into the bank - but withdrawals are limited so the banking system may end up being flooded with cash.Government guidelines say it is possible to exchange up to 4,000 rupees per day up to 24 November - anything over this will be subject to tax laws. People can also withdraw up to 10,000 rupees from a bank per day and a maximum of 20,000 rupees per week.New 2,000 and 500 rupee denomination notes with new security features are being given to people to replace those removed from circulation.A new 1,000 rupee note ""with a new dimension and design"" will also be introduced in due course, a senior government official said on Thursday.They can purchase foreign exchange equivalent to 5,000 rupees using these bank notes at airport exchange counters until midnight on Friday.
      </Article>

      <Summary>
      the banks in the indian capital, delhi, have been shut down because of corruption and corruption, the bbc has learned.
      </Summary>

      Answer:
      ","To determine if the summary is consistent with the article, let's analyze the information step by step:

1. **Summary Claim**: The banks in the Indian capital, Delhi, have been shut down because of corruption and corruption, the BBC has learned.

2. **Article Information**:
   - The article mentions that banks were closed on Wednesday after Mr. Modi's surprise announcement on Tuesday night. However, it states that banks reopened on Thursday, and long queues have formed since then as people try to exchange old currency notes.
   - The article does not mention that banks in Delhi are currently shut down. Instead, it describes chaotic scenes outside banks as people try to exchange or deposit old notes.
   - The article discusses an anti-corruption move involving the demonetization of 500 and 1,000 rupee notes, but it does not state that banks are shut down ""because of corruption and corruption."" The shutdown was temporary and part of the logistical process for implementing the new policy.
   - The BBC's Sanjoy Majumder is cited in the article, but the report is about chaotic scenes and public patience wearing thin, not about banks being shut down.

3. **Inconsistencies**:
   - The summary incorrectly states that banks are currently shut down in Delhi, whereas the article clarifies that banks reopened after a one-day closure.
   - The summary attributes the shutdown to ""corruption and corruption,"" which is not mentioned in the article. The article describes the shutdown as part of the demonetization process, not as a direct result of corruption.
   - The summary implies a continuous shutdown, while the article describes a temporary closure followed by reopening.

4. **Conclusion**: The summary contains information that is not supported by the article (banks being shut down because of corruption) and misrepresents the situation (ongoing shutdown vs. temporary closure).

**Answer**: inconsistent."
21,"Decide if the following summary is consistent with the corresponding article.
      Note that consistency means all information in the summary is supported by the article.
      Explain your reasoning step by step first, and then answer (consistent or inconsistent) at the end:
      <Article>
      These extraordinary images show how an enormous jumbo jet has been converted into a luxury home for a mystery billionaire - complete with bedrooms, multiple lounges and an onboard restaurant. The custom-built Boeing 747 is believed to have cost its ultra-wealthy owner £400million after it was customised to fit his specifications exactly over a three-year period. The jumbo jet would normally carry as many as 600 passengers - but this version was built for just a single tycoon, although he will be able to fit dozens of guests. It contains a large dining room where travellers can enjoy meals cooked in an adjoining kitchen, with a lounge and 'state room' at the back of the plane. More sleeping space is provided in the 'aeroloft' on the top deck of the vessel, with eight full beds for passengers who prefer to get some shut-eye on flights. Luxury: This is the lounge on board a custom-built Boeing 747-8, as depicted in an artist's impression by Greenpoint Technologies . Shuteye: The master bedroom of the £400million plane has a huge bed as well as an armchair and sofa for when the owner needs to relax . Business: The conference room of the plane could be perfect for meetings in the sky with its long table in the centre . Chill-out: The lounge decor looks like a luxury hotel, belying its true location inside a plane similar to those used by commercial airlines . Executive: This room, which can be used as an office or a guest bedroom, gives a hint to its true location thanks to the porthole-style windows . Kicking back: The main suite could easily be mistaken for a room in a top hotel thanks to its over-the-top decorations . Restaurant: The central portion of the plane hosts a dining room which is attached to a kitchen, allowing the owner to make use of the services of a private chef . Shiny: The jumbo jet is one of the most luxurious private planes ever built, with the price tag believed to have reached a total of £400million . Sofa: Parts of the plane are set aside for guests to relax while watching television, as the vessel can carry several dozen passengers . Plush: Another artist's impression of the main state room, which also contains a desk so the owner can switch between work and relaxation . Welcoming: Images of the lounge show a space very different to the normal aeroplane cabin, with the traditional rows of seats completely discarded in favour of a hotel-like ambience . Exclusive: Few people can ever imagine flying in this sort of luxury - far more glitzy than first class on commercial flights . Plan: The layout of the Boeing 747 is shown in this plan published by Greenpoint Technologies . Gigantic: The luxury interior has been built inside a Boeing 747-8 similar to this one, which can hold up to 600 passengers .
      </Article>

      <Summary>
      the custom-built boeing 747 is believed to have cost its ultra-wealthy owner # 400million after it was customised to fit his specifications exactly over a three-year period . the jumbo jet would normally carry as many as 600 passengers - but this version was built for just a single tycoon , although he will be able to fit dozens of guests . it contains a large dining room where travellers can enjoy meals cooked in an adjoining kitchen , with a lounge and ` state room ' at the back of the plane .
      </Summary>

      Answer:
      ","To determine if the summary is consistent with the article, let's analyze each part of the summary step by step:

1. **Cost and Customization Period**:  
   - Summary states: ""the custom-built boeing 747 is believed to have cost its ultra-wealthy owner £400million after it was customised to fit his specifications exactly over a three-year period.""  
   - Article states: ""The custom-built Boeing 747 is believed to have cost its ultra-wealthy owner £400million after it was customised to fit his specifications exactly over a three-year period.""  
   - **Verification**: This is a direct match. The cost (£400 million) and the three-year customization period are explicitly mentioned in the article.  

2. **Passenger Capacity**:  
   - Summary states: ""the jumbo jet would normally carry as many as 600 passengers - but this version was built for just a single tycoon, although he will be able to fit dozens of guests.""  
   - Article states: ""The jumbo jet would normally carry as many as 600 passengers - but this version was built for just a single tycoon, although he will be able to fit dozens of guests.""  
   - **Verification**: This is also a direct match. The normal capacity (600 passengers), the single tycoon owner, and the ability to host dozens of guests are all confirmed in the article.  

3. **Dining and Lounge Facilities**:  
   - Summary states: ""it contains a large dining room where travellers can enjoy meals cooked in an adjoining kitchen, with a lounge and 'state room' at the back of the plane.""  
   - Article states: ""It contains a large dining room where travellers can enjoy meals cooked in an adjoining kitchen, with a lounge and 'state room' at the back of the plane.""  
   - **Verification**: This is verbatim from the article. The dining room, adjoining kitchen, lounge, and 'state room' are all described identically.  

### Conclusion:  
Every piece of information in the summary is directly supported by the article. There are no discrepancies or unsupported claims.  

**Answer: consistent**"
22,"Decide if the following summary is consistent with the corresponding article.
      Note that consistency means all information in the summary is supported by the article.
      Explain your reasoning step by step first, and then answer (consistent or inconsistent) at the end:
      <Article>
      (CNN)While the fight against ISIS in Syria and Iraq holds the world's gaze, a simultaneous transformation is getting less attention: the deterioration of al Qaeda. In an audio message released Sunday, al Qaeda confirmed that two of its leaders, known as Ustad Ahmad Farooq and Qari Abdullah Mansur, were killed in CIA drone strikes in January in North Waziristan, near the Afghan-Pakistan border. Farooq's real name was Raja Mohammad Suleman, al Qaeda said. He was a Pakistani who acted as the group's liaison to the Pakistan Taliban and was the deputy commander of al Qaeda's South Asia branch. (Mansur's real name was Qari Ubaidullah, a Pakistani who oversaw suicide missions against U.S. and NATO troops in Afghanistan). Al Qaeda's South Asia branch is relatively new, announced with some fanfare back in September by al Qaeda's top leader, Ayman al-Zawahiri. The creation of the terror group's South Asia branch was seen by some terrorism analysts as an attempt to steal some of the limelight from ISIS, which is embroiled in a public dispute with al Qaeda for leadership of the global jihad movement. The deaths of the two men continue the decimation of al Qaeda's bench of leaders. On Monday, in the southern Pakistani city of Karachi, local al Qaeda commander Nurul Hassan was killed in a raid, said Arif Hanif, district inspector general of police. Florida-raised Adnan Shukrijumah, 39, who was in charge of al Qaeda's operations to attack the West, was killed in December in a Pakistani military operation. Texas-born Mohanad Mahmoud Al Farekh, who also played a planning role for al Qaeda's operations, was arrested in Pakistan last year. The deaths of Ubaidullah and Suleman underline the fact that there are almost no top leaders of al Qaeda left except al-Zawahiri. Both Ubaidullah and Suleman were Pakistani. This is an indicator of how al Qaeda has become a largely Pakistan-focused group, increasingly able to do nothing of any significance outside of Pakistan or Afghanistan. Indeed, al Qaeda has virtually no capacity to carry out attacks in the West. The last successful al Qaeda attack in the West was the London transportation system bombings a decade ago. Al Qaeda is now reduced only to holding American hostages such as 73-year-old aid worker Warren Weinstein, who was kidnapped from his home in the Pakistani city of Lahore on August 13, 2011. To be sure, al Qaeda's Yemen-based affiliate, al Qaeda in the Arabian Peninsula, or AQAP, continues to pose a threat to American aviation. The group has built hard-to-detect bombs, which it has placed on U.S.-bound flights. Luckily, those bombs were faulty or were detected. The group also trained one of the gunmen who attacked the offices of the satirical magazine Charlie Hebdo in Paris in January, killing 12, but it's not clear if AQAP had any direct role in planning this attack. Meanwhile, ISIS continues to attract Western recruits and also inspire ""homegrown"" terrorists in the West, but the core al Qaeda organization that killed almost 3,000 men, women and children on 9/11 is on life support. Al Qaeda's confirmation of the deaths of Ubaidullah and Suleman is just one of the latest pieces of evidence for this assessment.
      </Article>

      <Summary>
      the creation of the terror group's south asia branch is relatively new, announced with some fanfare back in september by al qaeda's top leader, ayman al-zawahiri.
      </Summary>

      Answer:
      ","To determine if the summary is consistent with the article, let's analyze the information step by step:

1. The summary states: ""the creation of the terror group's south asia branch is relatively new, announced with some fanfare back in september by al qaeda's top leader, ayman al-zawahiri.""

2. In the article, the following sentence appears: ""Al Qaeda's South Asia branch is relatively new, announced with some fanfare back in September by al Qaeda's top leader, Ayman al-Zawahiri.""

3. The wording in the summary closely matches the wording in the article, and the information about the timing (September) and the person who announced it (Ayman al-Zawahiri) is identical.

4. There are no additional claims in the summary that are not supported by the article.

Therefore, the summary is consistent with the article.

Answer: consistent"
23,"Decide if the following summary is consistent with the corresponding article.
      Note that consistency means all information in the summary is supported by the article.
      Explain your reasoning step by step first, and then answer (consistent or inconsistent) at the end:
      <Article>
      Dan Groves said the ""finer points"" of a deal which could see Wright buy 20% of the club are yet to be released.
The Sun reported that the 30-year-old will become a club director.
Billericay are eighth in the Isthmian League Premier Division, three points adrift of a play-off place.
Wright, who was runner-up in I'm A Celebrity Get Me Out Of Here in 2011, played non-league football for a succession of clubs, including Lewes, Crawley Town and Rushden & Diamonds.
Billericay have recently been taken over by multi-millionaire Glenn Tamplin, who said shortly after completing a deal for the club that he was ""comfortable"" investing £10,000 a week.
The club signed former England international Paul Konchesky, 35, at the start of March.
      </Article>

      <Summary>
      the chairman of non-league billericay town has confirmed ``there is truth\'\'in reports that former the only way is essex personality mark wright is set to invest in the club.
      </Summary>

      Answer:
      ","To determine if the summary is consistent with the article, let's analyze the information step by step:

1. **Subject of the Article**: The article discusses a potential deal involving Mark Wright buying 20% of Billericay Town, a non-league football club. It mentions Dan Groves discussing the ""finer points"" of the deal and notes that The Sun reported Wright will become a club director.

2. **Key Points in the Summary**: The summary states that the chairman of Billericay Town confirmed ""there is truth"" in reports that Mark Wright is set to invest in the club.

3. **Comparison**:
   - The article does not mention the chairman of Billericay Town confirming anything. The closest it comes is Dan Groves discussing the ""finer points"" of the deal, but Groves is not identified as the chairman.
   - The article does confirm that there are reports (from The Sun) about Wright investing in the club, which aligns with the summary's claim about ""reports.""
   - However, the summary attributes the confirmation to the chairman, which is not supported by the article.

4. **Conclusion**: The summary introduces information (the chairman's confirmation) that is not present in the article. While the general idea of Wright investing in the club is supported, the specific detail about the chairman is not.

Answer: inconsistent"
24,"Decide if the following summary is consistent with the corresponding article.
      Note that consistency means all information in the summary is supported by the article.
      Explain your reasoning step by step first, and then answer (consistent or inconsistent) at the end:
      <Article>
      Relegation-threatened Romanian club Ceahlaul Piatra Neamt have sacked Brazilian coach Ze Maria for the second time in a week. Former Brazil defender Ze Maria was fired on Wednesday after a poor run, only to be reinstated the next day after flamboyant owner Angelo Massone decided to 'give the coaching staff another chance.' But the 41-year-old former Inter Milan and Parma right back, capped 25 times by Brazil, angered Massone again after Ceahlaul were beaten 2-0 by mid-table FC Botosani on Saturday. Ze Maria represented Brazil on 25 occasions during an international career spanning five years . The result left Ceahlaul 16th in the standings, six points adrift of safety. Ze Maria replaced Florin Marin in January to become Ceahlaul's third coach this season. He will be replaced by Serbian Vanya Radinovic.
      </Article>

      <Summary>
      ceahlaul piatra neamt have sacked brazilian coach ze maria for the second time in a week . ze maria was fired on wednesday after a poor run, only to be reinstated the next day . the 41-year-old angered owner angelo massone again after ceahlaul were beaten 2-0 by mid-table fc botosani on saturday .
      </Summary>

      Answer:
      ","Let's analyze the summary and the article step by step to determine consistency:

1. **First Sentence**: ""ceahlaul piatra neamt have sacked brazilian coach ze maria for the second time in a week.""
   - The article states: ""Relegation-threatened Romanian club Ceahlaul Piatra Neamt have sacked Brazilian coach Ze Maria for the second time in a week."" This matches the summary.

2. **Second Sentence**: ""ze maria was fired on wednesday after a poor run, only to be reinstated the next day.""
   - The article states: ""Ze Maria was fired on Wednesday after a poor run, only to be reinstated the next day after flamboyant owner Angelo Massone decided to 'give the coaching staff another chance.'"" This matches the summary, though the summary omits the reason for reinstatement (which is fine for consistency).

3. **Third Sentence**: ""the 41-year-old angered owner angelo massone again after ceahlaul were beaten 2-0 by mid-table fc botosani on saturday.""
   - The article states: ""But the 41-year-old former Inter Milan and Parma right back, capped 25 times by Brazil, angered Massone again after Ceahlaul were beaten 2-0 by mid-table FC Botosani on Saturday."" This matches the summary, though the summary omits some background details about Ze Maria (which do not contradict the summary).

No information in the summary contradicts or is unsupported by the article. The summary is a condensed version of the key events described in the article.

Answer: consistent"
25,"Decide if the following summary is consistent with the corresponding article.
      Note that consistency means all information in the summary is supported by the article.
      Explain your reasoning step by step first, and then answer (consistent or inconsistent) at the end:
      <Article>
      Arsenal legend Ian Wright has been confirmed as the man who will present AP McCoy with his 20th and final champion jockeys trophy at Sandown on Saturday. Track officials had been keen to secure someone with a connection to the club which the retiring rider fervently supports. Wright, who had seven seasons at Arsenal and broke every scoring record in the book, will hand over McCoy’s trophy before travelling back into London to present his BBC5Live radio phone in. AP McCoy will be presented with his final champion jockeys trophy by Ian Wright at Sandown on Saturday Wright (centre) is now a television pundit but played for Arsenal during his years as a professional McCoy is a huge Arsenal supporter and has been invited to attend a home game before the end of the season Sandown initially tried to secure Thierry Henry to be the Arsenal celebrity to hand over the trophy to McCoy. But his Sky employers vetoed the move. A request to secure another Arsenal legend in Tony Adams also proved logistically impossible because he currently manages Gabala in Azabaijan. A Sandown spokesman said; ‘Tony wanted to do it but his side are playing on Friday night and he just could not get back on time. Tony’s wife will be at Sandown on Saturday along with Ian and his wife.’ Another famous Arsenal name expected at Sandown is Liam Brady, one of McCoy’s sporting heroes from his childhood. Wright was a player for Arsenal as a striker for seven years, from 1991 until 1998 Iconic Arsenal striker Thierry Henry (centre) was asked to present the award but Sky did not allow it Family commitments will keep McCoy away from the Emirates on Sunday when his team host Chelsea in a top of the table clash. He told Racemail: ‘I have a kind invitation from the chairman to attend any home game before the end of the season.’
      </Article>

      <Summary>
      ian wright will be presented with his final grand prix title at sandown on saturday . he will be presented with his final champion jockeys trophy by ian wright at sandown on saturday . he will be presented with his final champion jockeys trophy by ian wright at sandown .
      </Summary>

      Answer:
      ","Let's analyze the summary step by step to determine if it's consistent with the article.

1. **Subject of the Presentation**: The summary states that ""ian wright will be presented with his final grand prix title at sandown on saturday."" This is incorrect. The article clearly states that AP McCoy, not Ian Wright, will be presented with his final champion jockeys trophy by Ian Wright. 

2. **Repetition and Clarity**: The summary repeats the same incorrect information multiple times, which doesn't align with the article's content. The article is about AP McCoy receiving the trophy, not Ian Wright.

3. **Type of Trophy**: The summary mentions a ""grand prix title,"" which is not mentioned in the article. The article refers to a ""champion jockeys trophy.""

4. **Presenter**: The summary correctly identifies Ian Wright as the presenter, but it incorrectly identifies him as the recipient.

Given these points, the summary contains multiple inaccuracies and misrepresentations of the article's content. 

Answer: inconsistent"
26,"Decide if the following summary is consistent with the corresponding article.
      Note that consistency means all information in the summary is supported by the article.
      Explain your reasoning step by step first, and then answer (consistent or inconsistent) at the end:
      <Article>
      A New York woman running an alleged wife-for-hire immigration scheme pleaded not guilty Friday based on charges that she married 10 men over 11 years and charged a fee for her 'services'. One of the men 38-year-old Lianna Barrientos wed was deported back to Pakistan for making threatening statements against the United States in 2006 after an investigation by the Joint Terrorism Task Force, it has been revealed. Barrientos, originally from the Dominican Republican, lived with her partner and two children in the Bronx until her arrest in February, however was legally married to at least four people at the time. In court today, prosecutors said Barrientos married men from Egypt, Bangladesh, Turkey, Czechoslovakia, Pakistan, Mali and Georgia - countries that were 'red flags' for immigration, according to The New York Daily News. At one time she was married to eight men simultaneously. Always the bride: Liana Barrientos, 39, of the Bronx, pleaded not guilty on Friday to two felony charges of filing a false instrument, involving marriage licences Sullen: Barrientos, seen here in Bronx Supreme Court on Friday, is accused of marrying 10 men over the course of 11 years in an apparent immigrant scam Charged: The Bronx district attorney's office says she faces two counts of felony fraud charges Swindle: Barrientos is accused of accepting money in at least one of the marriages, prosecutors say All of her marriages took place in New York state, allegedly starting in 1999. Authorities only cottoned on after she said her 2010 marriage to Salle Keita, of Mali, -  the tenth time she tied the knot - was actually her first, the New York Post reported. This launched an investigation that unraveled a totaly of ten times Barrientos has allegedly walked down the aisle. Barrientos would spell her name differently on some marriage licenses and would file all over the state, in places including Westchester County, Mamaroneck, White Plains, Ramapo and Long Island, investigators said. Six of the sham marriages occurred in one year, authorities allege. The Daily News reported that it was her eighth husband, Rashid Rajput, that was deported to his home country of Pakistan following an investigation by the Joint Terrorism Task Force. She has pleaded not guilty to two felony charges of filing a false instrument, involving marriage licences. 'This is a huge breach in security,' national security expert Manny Gomez told WABC. 'If someone could remarry 10 times without bringing it to the attention of the authorities, potentially an al-Qaeda plant could come in, marry this woman and be in this country illegally, plotting, recruiting, perhaps even executing a terrorist attack.' Bride: Liana Barrientos, pictured, has been married ten times. Her first marriage took place in 1999, with most recent being in 2010 Barrientos' marriage took place in 1999 to Mohamed Gerbril The bride and her grooms: This map shows Barrientos' marriages from 1999 to 2010 Barrientos' first marriage took place in 1999 to Mohamed Gerbril, followed by a 2001 marriage to Ahmed Allam, then a second 2001 marriage to Habibur Rahman, the Post reported. According to the newspaper, Barrientos married six men in 2002 - namely Davit Koridze, Duran Goktepe, Aliaksandr Paharelau, Vakhtang Dzneladze, Rashid Rajput, and Kakhaber Khorbaladze - and her last marriage was in 2010 to Salle Keita. Authorities reportedly slapped her with offering a false instrument for filing felony charges in November 2014. Quoting court documents, The New York Daily News said '[Barrientos] ... stated in sum and substance that she did marry Mr. Keita and that was her first and only marriage.' The newspaper reported that Barrientos could be sentenced to a total of eight years stemming from her two charges. Barrientos has been arrested multiple times, including for loitering, drug possession, and jumping a turnstile and trespassing, according to the Daily News. Mystery: The Department of Homeland Security was 'involved' in Barrientos' case, the Bronx district attorney's office told the New York Times According to the New York Times, '[Barrientos] has divorced at least four times, from husbands Nos. 1, 2, 5 and 7, but long after marrying husbands 3 through 9.' The Times reported that for her first three 2002 marriages, Barrientos wed Koridze on Valentine's Day, before she went on to marry Goktepe approximately two weeks later, then soon tied the knot with Paharelau. The Department of Homeland Security was 'involved' in Barrientos' case, the Bronx district attorney's office revealed to the Times. Barrientos' Facebook profile says she hails from the Dominican Republic and lives in Manhattan. It also says she became engaged in July 2013. Wedding bells? Barrientos' Facebook says she became engaged in July 2013 A Bronx building superintendent, Ruben George, told the New York Post 'She was arrested... and [her baby daddy Carlos Garcia] doesn't want her back. 'They have a kid together. She has one with him and one with somebody else.' George also told the newspaper Garcia booted Barrientos out of his apartment. According to the Post, Barrientos and Garcia are parents to a baby girl. Barrientos did not immediately respond to a request for comment from Daily Mail Online.
      </Article>

      <Summary>
      liana barrientos , 39 , of the bronx , pleaded not guilty on friday to two felony charges of filing a false instrument , involving marriage licences . she is accused of marrying 10 men over the course of 11 years in an apparent immigrant scam . authorities only cottoned on after she said her 2010 marriage to salle keita , of mali , was actually her first . her first marriage took place in 1999 , with most recent being in 2010 .
      </Summary>

      Answer:
      ","To determine if the summary is consistent with the article, let's analyze each piece of information in the summary and check if it is supported by the article:

1. **""Liana Barrientos, 39, of the Bronx, pleaded not guilty on Friday to two felony charges of filing a false instrument, involving marriage licenses.""**  
   - The article states: ""Liana Barrientos, 39, of the Bronx, pleaded not guilty on Friday to two felony charges of filing a false instrument, involving marriage licenses.""  
   - This matches exactly.

2. **""She is accused of marrying 10 men over the course of 11 years in an apparent immigrant scam.""**  
   - The article mentions: ""Barrientos is accused of marrying 10 men over the course of 11 years in an apparent immigrant scam.""  
   - This is consistent.

3. **""Authorities only cottoned on after she said her 2010 marriage to Salle Keita, of Mali, was actually her first.""**  
   - The article states: ""Authorities only cottoned on after she said her 2010 marriage to Salle Keita, of Mali, - the tenth time she tied the knot - was actually her first.""  
   - This is accurately reflected in the summary.

4. **""Her first marriage took place in 1999, with most recent being in 2010.""**  
   - The article mentions: ""All of her marriages took place in New York state, allegedly starting in 1999."" and ""her last marriage was in 2010 to Salle Keita.""  
   - This is correct.

### Conclusion:
All the information in the summary is directly supported by the article. There are no discrepancies or unsupported claims.

Answer: consistent"
27,"Decide if the following summary is consistent with the corresponding article.
      Note that consistency means all information in the summary is supported by the article.
      Explain your reasoning step by step first, and then answer (consistent or inconsistent) at the end:
      <Article>
      Marjory Stewart, of Bellshill, Lanarkshire, is alleged to have crashed into three other vehicles during the incident in Portsoy in July.
She is accused of failing to keep her car under proper control.
The case called at Banff Sheriff Court and was continued without plea until next month.
      </Article>

      <Summary>
      an 81-year-old woman is due in court charged with injuring four people-one seriously-while driving dangerously in an aberdeenshire village.
      </Summary>

      Answer:
      ","Let's analyze the summary and the article step by step to determine if they are consistent.

1. **Age of the Woman**: The summary states that the woman is 81 years old, but the article does not mention Marjory Stewart's age. This is an inconsistency because the article does not support this information.

2. **Number of People Injured**: The summary mentions that four people were injured, one seriously. The article does not mention any injuries at all, only that Marjory Stewart crashed into three other vehicles. This is another inconsistency.

3. **Location of the Incident**: The summary states the incident occurred in an Aberdeenshire village. The article mentions Portsoy, which is indeed in Aberdeenshire. This part is consistent.

4. **Nature of the Charges**: The summary mentions ""driving dangerously,"" while the article states Marjory Stewart is accused of ""failing to keep her car under proper control."" These are similar but not exactly the same charges, which could be considered a minor inconsistency.

5. **Court Appearance**: The summary mentions that the woman is due in court, and the article confirms that the case called at Banff Sheriff Court and was continued without plea. This part is consistent.

Given these points, the summary contains several pieces of information that are not supported by the article (age, injuries, and exact charge). Therefore, the summary is inconsistent with the article.

Answer: inconsistent"
28,"Decide if the following summary is consistent with the corresponding article.
      Note that consistency means all information in the summary is supported by the article.
      Explain your reasoning step by step first, and then answer (consistent or inconsistent) at the end:
      <Article>
      In an interview with newspaper Die Zeit, Hitzlsperger said he was coming out to advance discussion of a topic that was ""simply ignored"" in German football.
He is the most prominent footballer to publicly reveal his homosexuality and his former team-mates were quick to praise his announcement.
Arsenal and Germany forward Lukas Podolski wrote on Twitter: ""Respect to Thomas Hitzlsperger! That was a courageous and correct decision and an important step.""
And retired defender Arne Friedrich, who played with Hitzlsperger at Euro 2008, wrote: ""Proud of you Thomas. A good decision and in my opinion the right time.""
There was also support for Hitzlsperger from leading figures in German football administration.
""Finally, a footballer has the courage to make his sexuality public,"" said Theo Zwanziger, the former president of the German Football Association.
Bundesliga president Reinhard Rauball said in a statement: ""The decision of Thomas Hitzlsperger to be the first prominent footballer to make public his homosexuality is - even after his active career - a huge and courageous step, and surely leads the way in the fight against homophobia.""
Gary Lineker ‏@GaryLineker
Congratulations to Thomas Hitzlsperger on bravely being the first player to have played in the PL to 'come out'
Joseph Barton ‏@Joey7Barton 15m
Thomas Hitzlsperger has shown a lot of courage today. Sad times when people have to wait till they retire from their chosen profession...
...before the feel other people will judge them solely on who the human being is. Shame on all of us as a society.
John Amaechi OBE ‏@JohnAmaechi
Congratulations to Thomas Hitzlsperger - welcome to the club!
Bayern Munich, the club where Hitzlsperger began his career as a junior, also tweeted their support for the midfielder's ""brave step"".
Hitzlsperger's announcement is seen as a watershed moment in Germany, which like England has struggled with the problem of homophobia in football.
Zwanziger admitted that football was ""now as ever a hard business, where unfortunately an open discourse about homosexuality is still not taken for granted"".
Current Germany captain Philipp Lahm created controversy in 2011 when he wrote in his autobiography that he would encourage gay footballers to keep quiet about their sexuality.
""I would not encourage any gay professional footballer to come out,"" he wrote at the time. ""I would fear that he would end up like Justin Fashanu [the English footballer who killed himself after revealing that he was gay].""
The last German footballer to come out was second tier player Marcus Urban, who told Die Welt in 2007 that he knew of at least three gay footballers in the Bundesliga who were too scared to reveal their sexuality.
German Chancellor Angela Merkel's spokesman Steffen Seibert praised Hitzlsperger for going public.
""It's good that he's spoken about something which is important to him,"" Seibert told a media briefing.
""We live in a country where nobody should be worried about making his sexuality known or concerned about intolerance.
""We judge footballers on whether they have behaved well and worthily on and off the pitch and I believe that both are the case with Mr Hitzlsperger.""
Openly Gay German politician Volker Beck said he hoped Hitzlsperger's announcement would encourage others to do the same.
""I hope that Hitzlsperger's courageous step contributes to finally breaking down this taboo,"" he said. ""It's now the job of the German FA to embolden active players [to do the same].""
And Zwanziger said he was optimistic that Hitzlsperger's announcement would lead to greater openness about sexuality in German football.
He said: ""I'm confident that sexual orientations will soon not be an issue in football at all.""
      </Article>

      <Summary>
      german football has rallied around thomas hitzlsperger after the former international midfielder revealed he was gay.
      </Summary>

      Answer:
      ","To determine if the summary is consistent with the article, let's analyze the information step by step:

1. **Subject of the Summary**: The summary states that German football has rallied around Thomas Hitzlsperger after he revealed he was gay.
   
2. **Support in the Article**:
   - The article mentions that Hitzlsperger is the most prominent footballer to publicly reveal his homosexuality, and his former teammates (like Lukas Podolski and Arne Friedrich) praised his announcement.
   - Leading figures in German football administration, such as Theo Zwanziger (former president of the German Football Association) and Reinhard Rauball (Bundesliga president), expressed support for Hitzlsperger.
   - Clubs like Bayern Munich and individuals like Gary Lineker, Joey Barton, and John Amaechi also publicly supported him.
   - German Chancellor Angela Merkel's spokesman and openly gay German politician Volker Beck also praised Hitzlsperger's decision.
   - The article repeatedly emphasizes the widespread support and positive reactions from various stakeholders in German football and beyond.

3. **Consistency Check**:
   - The summary captures the essence of the article, which is the widespread support for Hitzlsperger after his announcement.
   - No information in the summary contradicts the article, and all claims in the summary are supported by the article.

Conclusion: The summary is **consistent** with the article."
29,"Decide if the following summary is consistent with the corresponding article.
      Note that consistency means all information in the summary is supported by the article.
      Explain your reasoning step by step first, and then answer (consistent or inconsistent) at the end:
      <Article>
      Sex advice was a lot more simple in the Eighties, says psychotherapist Philippa Perry in the BBC4 documentary Sex, Lies & Love Bites . The current generation of young people is the most confused about sex ever because of pornography, according to a psychotherapist. Philippa Perry, 57, has claimed that easy access to explicit videos and images has left many young people unable to have normal and healthy relationships. The mother-of-one added that the problem of young people not understanding the realities of sex is at least as bad now as it has ever been. An agony aunt for Red magazine and The Guardian, she said she comes across problems caused by pornography time and again and that men are increasingly turning to such columns for advice. The wife of Turner Prize-winning artist Grayson Perry, 54, she said: ‘These days people educate themselves about sex usually by watching the freely available pornography. They get a skewed idea about sex, thinking women have to be one way and it’s all about submission and domination when of course it isn’t. ‘People get the wrong idea about sex and lose their way because of pornography. I’m not against pornography but it is not the most helpful of sex education tools. The danger these days is posed by people being exposed too young to a certain type of sex and then they tend to think that is what sex is.’ This naivety about the reality of sex is different to that of young people from previous generations who turned to agony aunts for advice. While it used to be driven by a lack of knowledge about sex, the problem is now that people are exposed to pornography, often depicting aggressive and violent sex, at too young of an age. She said ‘it’s worse now, but I’m an old person so I would say that.’ She highlighted one case that she encountered of a young man who was so addicted to pornography that he could no longer become aroused by women in real life. She said this is not the only time she has come across this problem and that ‘it’s a huge problem in society.’ Mrs Perry, who is also a trained psychotherapist, made the comments ahead of presenting a new documentary for BBC4, broadcasting tonight. Sex, Lies and Love Bites: The Agony Aunt Story interviews advice columnists, from Graham Norton to the women behind Jackie magazine’s Cathy and Claire, to looks at how these columns reflect society’s changing attitudes, especially towards sex. Perry, 57, wife of Turner Prize-winning artist Grayson Perry, has claimed that easy access to explicit videos and images has left many young people unable to have normal and healthy relationships . Gayle Anderson, who wrote the Jackie column between 1981 and 1982, said the internet has changed everything. She told Mrs Perry: ‘There was no social media [in the 1980s]. Now you would google a problem, we were the 80s Google really. They were basically sitting there waiting for puberty to hit, they didn’t know what was going to happen. They didn’t have sex education, mainly at schools.’ Sandy Monks, who filled the same role for two years from 1974, said she saw herself as the readers’ ‘big sister’ imparting advice. This is a different tone from some modern day advice columnists, such as Graham Norton, who answers readers’ queries for The Telegraph. He said people should not take the suggestions too seriously and oddly implied that women should expect men to cheat on them. Perry interviews Agony Aunts from publications such as Jackie and Red magazine for the BBC4 documentary, airing on Tuesday night at 9pm . He told the programme: ‘Agony aunts and uncles, across time immemorial, are not always right. You’re in an odd position, where you’re meddling in strangers’ lives and you’re judging a whole situation by one side, you don’t get the other side. ‘Women overthink men far too much and they think men are thinking when they are not, they are just doing. Most men get into trouble through their wallet or through their willy. ‘Women think that willies are more complicated creature than they are. So don’t feel too bad when it ends up somewhere else.’ One of the big changes Mrs Perry has noticed in her own column is how an increasing number of men are turning to her for help. She put this down to a crisis in male identity and men struggling to conform to traditional stereotypes. She said: ‘There is quite a lot of pressure on men to be a certain way and they have more difficulty being themselves. It may be that women have more permission to be a tomboy than a man has to be more androgynous.’
      </Article>

      <Summary>
      philippa perry, 57, has claimed that easy access to explicit videos. the mother-of-one said the problem of young people not understanding the realities of sex is at least. she says she comes across problems caused by pornography time and again. the current generation is the most confused about sex ever because of pornography. sex advice was a lot more simple in the eighties.
      </Summary>

      Answer:
      ","Let's analyze the summary step by step to see if it is consistent with the article:

1. **""Philippa Perry, 57, has claimed that easy access to explicit videos.""**  
   - The article states: ""Philippa Perry, 57, has claimed that easy access to explicit videos and images has left many young people unable to have normal and healthy relationships.""  
   - This part of the summary is consistent but slightly truncated. The core claim is supported.

2. **""The mother-of-one said the problem of young people not understanding the realities of sex is at least.""**  
   - The article states: ""The mother-of-one added that the problem of young people not understanding the realities of sex is at least as bad now as it has ever been.""  
   - The summary cuts off mid-sentence (""is at least""), but the idea is supported by the article.

3. **""She says she comes across problems caused by pornography time and again.""**  
   - The article states: ""she said she comes across problems caused by pornography time and again.""  
   - This is a direct match and consistent.

4. **""The current generation is the most confused about sex ever because of pornography.""**  
   - The article states: ""The current generation of young people is the most confused about sex ever because of pornography.""  
   - This is a direct match and consistent.

5. **""Sex advice was a lot more simple in the eighties.""**  
   - The article begins with: ""Sex advice was a lot more simple in the Eighties, says psychotherapist Philippa Perry...""  
   - This is a direct match and consistent.

### Minor Issues:
- The summary is somewhat fragmented (e.g., ""is at least"" is incomplete). However, the ideas are all supported by the article.
- There are no claims in the summary that contradict or are unsupported by the article.

### Final Verdict:
The summary is **consistent** with the article. All its claims are supported, even if some are slightly abbreviated or truncated.  

Answer: consistent"
30,"Decide if the following summary is consistent with the corresponding article.
      Note that consistency means all information in the summary is supported by the article.
      Explain your reasoning step by step first, and then answer (consistent or inconsistent) at the end:
      <Article>
      Ahead of Super Saturday, Sportsmail's Sir Clive Woodward rates the three contenders for the 2015 RBS 6 Nations title... ENGLAND . Why they can win it . I’m increasingly encouraged by their intent to attack and the willingness to keep the ball moving. Despite missing chances against Scotland, for the first time in a while our strike runners consistently found clean air to run in. George Ford has brought confidence to this backline and it helps having two of his Bath team-mates starting alongside him. But expect a much tougher defensive line against France. Most importantly, I believe England will win because they need to. In Stuart Lancaster’s fourth year in charge they are yet to win this competition. A number of these players have been alongside Lancaster throughout and will be just as desperate to win, most notably captain Chris Robshaw. This is their best chance. Bath fly half George Ford has brought confidence to the England backline this season . England and Wasps flanker James Haskell runs with the ball during training at Pennyhill Park on Thursday . Stuart Lancaster has been in charge of England for four seasons but has yet to secure a Six Nations title . They have the points advantage, they are playing last and they are also the only contender playing at home. Everyone in Twickenham by 5pm will know what is needed to win the title and it will be a great atmosphere. I expect England to play well. Why they might blow it . I still rate the England pack very highly, though they need a bit more pace in the back row and the recycling of possession must be quicker. They haven’t reached the heights of the autumn and that will frustrate Graham Rowntree. It’s a concern they are finishing the tournament with less of an idea of the starting pack than when it kicked off. Geoff Parling coming in is the right call, but I am amazed there is no specialist second row on the bench. If there’s an injury early on, can we expect Nick Easter to play most of the game there against France? That could cost England. England forwards coach Graham Rowntree oversees a 'live' scrummaging session between his two packs . There have been many examples recently where England have made the wrong decision which has cost them points and the opportunity to build a score. Lancaster’s side still lack the killer instinct against top sides. Also, France have been written off but that is completely wrong. England will have to be ready for a colossal physical encounter. Who would you pay to watch? Jonathan Joseph. He has been a massive find and even if they take nothing else away from the championship they appear to have found an outside centre with world-class potential. I still believe that they need a better footballer at No 12 — and not picking Henry Slade has been a missed opportunity — but in Joseph they have a player they can build a team around. It is saying something that Manu Tuilagi’s absence hasn’t been felt too much. I have also been hugely impressed with Ford. Jonathan Joseph has been electric in his year's tournament and has the potential to become world class . VIDEO Robshaw sets sights on France following Scotland win . The coach’s strengths? England operate more as a team of coaches, headed by Lancaster — compared with Wales and Ireland where Warren Gatland and Joe Schmidt are very much dominant figures. I always put a great amount of stock in having everyone’s noses pointing in the same direction, but this becomes more difficult with more people involved. There are few coaches around who have achieved this, as Lancaster has with England. Despite some disappointments there is an air of calm about the team and belief in what they are doing. Surrounding himself with Rowntree, Andy Farrell and Mike Catt, he has the strongest coaching team in the northern hemisphere. Wingers Anthony Watson (left) and Jack Nowell run through some evasion and footwork drills . IRELAND . Why they can win it . Between Jonny Sexton, Conor Murray and Paul O’Connell they have the best game management side. They also have a strong set-piece and they do the basics very well. This goes for their kicking game as well, with Rob Kearney and Tommy Bowe’s consistency a real nuisance. They are also playing Scotland, even if the hosts do play better in Edinburgh. And if the game is dead for Scotland with 20 minutes to go, will they mind hugely if it is the Irish not the English who win the tournament? Ireland fly half Jonathan Sexton (centre) gives instructions to his team-mates in Cardiff last Saturday . Why they might blow it . While I don’t think Ireland will be concerned heading to Murrayfield, they need to score at least three tries. They should set themselves a target of winning by at least 21 points. This would leave England having to win by 15 against France. But can they cross the whitewash enough? Who would you pay to watch? Paul O’Connell. I worked with Paul during the 2005 Lions Tour and although it was a losing tour, I am grateful to have had the opportunity to work with him. Whatever position a youngster might play, they should look to how Paul conducts himself on and off the field. His work-rate, commitment and attitude is outstanding, but it is easy to overlook what a great player he is. A real giant of the game. Paul O'Connell rises high to claim a lineout against the Welsh at the Millenium Stadium in round four . The coach’s strengths? Ireland have been unfairly criticised for their tactics. They are nowhere near as one-dimensional as they have been portrayed. In Joe Schmidt they have the outstanding tactician in the competition. Schmidt is a pragmatist who identifies opponent’s weak points and attacks them ruthlessly. If that involves kicking every other play I have no problem with that. WALES . Why they can win it . They are hitting form at the right time and the way Wales have bounced back from the defeat by England has been truly impressive. I could see them running up a big score against Italy. They have the most to do in terms of points difference, but it would be fascinating if they could do what England did last year and put 50 points on Italy. Wales have the potential to score five or six tries if they get going. Tighthead prop Samson Lee is a massive loss for Warren Gatland's side ahead of their clash against Italy . Why they might blow it . They need to keep Italy to six points or less. It is the scrum which can cause them problems, taking up territory and time. Losing prop Samson Lee is a massive blow. Who would you pay to watch? Sam Warburton is the outstanding player and leader in the northern hemisphere. His work over the ball is exceptional and he has the pace that openside flankers need allied to incredible strength when carrying. Take five minutes to watch Warburton go about his work. What I like most is how he lifts his performance for the big games. He’s a real warrior any coach would want to work with. Sam Warburton has led Wales superbly through the current championship with his workrate and power . The coach’s strengths? Warren Gatland’s c.v. is impressive and his coaches are squarely behind him — the Welsh style is clear but incredibly difficult to stop, especially when playing an inferior team. Beating Ireland at their own game was brilliant to watch. Gatland brings the best out of Shaun Edwards, his defence coach, and the effort against Ireland was world-class. PREDICTION . Ireland will win by a few, Wales will win by a lot and England will be in a very tight game so it could come down to just one or two points. If I had a free bet, I’d put it on Ireland because if the Scots implode they could rack up points.
      </Article>

      <Summary>
      stuart lancaster's fourth year in charge are yet to win this competition.
      </Summary>

      Answer:
      ","Let's analyze the summary and the article step by step to determine if they are consistent.

1. **Summary Statement**: ""stuart lancaster's fourth year in charge are yet to win this competition.""
   - This statement claims that in Stuart Lancaster's fourth year in charge of England, they have not yet won the Six Nations competition.

2. **Article Support**:
   - The article states: ""In Stuart Lancaster’s fourth year in charge they are yet to win this competition.""
   - This directly matches the summary's claim. The article explicitly mentions that Lancaster has been in charge for four seasons and has not secured a Six Nations title during that time.

3. **Consistency Check**:
   - The summary's information is a direct quote from the article, and there are no contradictions or additional unsupported claims in the summary.

**Conclusion**: The summary is consistent with the article.

Answer: consistent"
31,"Decide if the following summary is consistent with the corresponding article.
      Note that consistency means all information in the summary is supported by the article.
      Explain your reasoning step by step first, and then answer (consistent or inconsistent) at the end:
      <Article>
      (CNN)Recently, a New York judge issued an opinion authorizing service of divorce papers on a husband completely via Facebook. What exactly is ""service of process""? Serving people with legal papers is an industry and its own body of law premised on one guiding principle: if you are going to sue someone, you should at least let them know about it. Sounds simple, right?  In theory it is.  In practice, it turns out people don't like being sued.  It also turns out that, to many defendants, procrastination of a lawsuit is a viable defense. Just as you may avoid bad news in life, defendants tend to avoid process servers.  Once a defendant has been served, that means the judicial proceedings begin.  Unfortunately, that means defendants have an incentive to go ""off the grid"". Although every state is different, the law of service of process has evolved this way: the ideal and fairest way to notify a person of a lawsuit is to have another human hand the papers to the defendant in person, and have some proof that the person was the defendant. In-person service is not always possible, for obvious reasons.  So, the law had to develop methods of alternate service, but carefully balance a defendant's right to have notice of a lawsuit, against a diligent plaintiff's access to court if a defendant is avoiding the inevitable. As reliable as the U.S. mail is, regular mail is not a reliable form of serving papers.  Not because the postmen can't be trusted; they can. Neither snow, nor rain, nor heat, nor gloom of night, will keep them from delivering those papers.  Instead, it's defendants -- no wait, all of humanity -- that can't be trusted.  Every one of us has ignored mail or even pretended we didn't get it.  Defendants are no different. One form of alternate service is ""nail and mail"" service.  This means that you take a hammer and nail, and nail the papers to the defendant's front door.  The problem with that is that many defendants are nomadic by nature.  Just because you find a house that a defendant stayed at, doesn't mean he'll be back there anytime soon. Another, even odder form of ""service"" is service by publication.  This is an almost laughable legal fiction.  If you can't find a defendant, a judge might let you serve by publication.  That means that a plaintiff can take out an ad in five point font for a week in an obscure publication, on the off chance you are reading the classified ads of the Secaucus Law Journal looking for lawsuits against you.  As laughable as serving someone by tweeting it sounds, it's at least more rational than this antiquated method. At first blush, the idea of service by Facebook seems to offend traditional notions of ensuring notification of a defendant of a case against him.  When it comes to serving papers, however, ""traditional"" doesn't necessarily mean ""good.""  Service by publication or nailing paper to the door of an empty apartment is hardly reliable; it's just service of last resort. For those people who are concerned that being served papers will become a Facebook announcement in a news feed, along with the photos of dinner or kittens, to be ""liked"" by all your gawking ""friends,"" we're not quite there ... yet. While the older forms of alternate service were public, most electronic service takes the form of email.  Where email isn't available, it is Facebook private messaging, which should be as private as email.  That's the form of service authorized by the court here.  So for now, we're not quite putting lawsuits on Instagram ... but I wouldn't rule it out in the future. Online service may be a new frontier, but it's not unheard of. Most of us exist more online now than we ""live"" in a particular condo, or Mom's basement. Virtually everyone has a phone or access to the Internet.  Not everyone has a lease or a mortgage.  Plus, online service has the added benefit of tracking.  Believe me, somewhere, some computer has already logged the fact that you read this article, how long you read it, and even how far down you scrolled before you got bored and bailed on the article (thanks for still being here, by the way).  In a way, maybe online service is long overdue.  You can outrun a process server for a while, but sooner or later, all of us have to go back online -- and no human can outrun an email.
      </Article>

      <Summary>
      a new york judge issued an opinion authorizing service of divorce papers on a husband completely via facebook . the idea of service by facebook seems to offend traditional notions of ensuring notification of a defendant of a case against him . online service may be a new frontier , but it 's not unheard of .
      </Summary>

      Answer:
      ","Let's analyze the summary step by step to see if it is consistent with the article.

1. **""a new york judge issued an opinion authorizing service of divorce papers on a husband completely via facebook""**  
   - The article begins by stating exactly this: ""a New York judge issued an opinion authorizing service of divorce papers on a husband completely via Facebook.""  
   - This part of the summary is consistent with the article.

2. **""the idea of service by facebook seems to offend traditional notions of ensuring notification of a defendant of a case against him""**  
   - The article mentions: ""At first blush, the idea of service by Facebook seems to offend traditional notions of ensuring notification of a defendant of a case against him.""  
   - This is a direct match, so this part of the summary is also consistent.

3. **""online service may be a new frontier, but it's not unheard of""**  
   - The article states: ""Online service may be a new frontier, but it's not unheard of.""  
   - This is a verbatim quote from the article, so it is consistent.

### Additional Observations:
- The summary does not introduce any new information or interpretations that are not supported by the article. It accurately captures key points from the article without distortion or omission of critical context.
- The summary is concise and focuses on the main ideas, all of which are directly supported by the article.

### Final Answer:
consistent"
32,"Decide if the following summary is consistent with the corresponding article.
      Note that consistency means all information in the summary is supported by the article.
      Explain your reasoning step by step first, and then answer (consistent or inconsistent) at the end:
      <Article>
      a bus driver who was caught reading a newspaper while driving has been slammed by his boss as a ` complete idiot ' .
a passenger filmed the driver on a bus in auckland , new zealand , and sent the video to bus company ritchies coachlines along with a complaint .
in the footage the driver can be seen flicking through pages of the newspaper while the bus is in motion .
a bus driver was caught reading a newspaper while driving in auckland , new zealand
as the bus slows to a stop at a set of traffic lights he moves his head to get a good look at one of the pages .
ritchies coachlines boss andrew ritchie said he was embarrassed by the ` idiot ' driver 's actions .
` i am absolutely amazed by how absolutely stupid the guy is .
bloody irresponsible behaviour to the first degree , i ca n't believe it , ' mr ritchie told the new zealand herald .
` the people on that bus put their trust in him .
he was n't even trying to hide it , he was holding the whole newspaper open , over the steering wheel . '
mr ritchie said the driver would be disciplined , but would not go into detail .
a passenger filmed the driver and sent the video to bus company ritchies coachlines along with a complaint
ritchies coachlines boss andrew ritchie said he was embarrassed by the ` idiot ' driver 's actions
      </Article>

      <Summary>
      passenger filmed the driver on a bus in auckland , new zealand .
in the footage the driver can be seen flicking through pages of the newspaper while the bus is in motion .
ritchies boss andrew ritchie said he was embarrassed by the ' idiot ' driver 's actions .
      </Summary>

      Answer:
      ","Let's analyze the summary and the article step by step to determine consistency.

1. **Passenger filmed the driver on a bus in Auckland, New Zealand**:
   - The article states: ""a passenger filmed the driver on a bus in auckland , new zealand , and sent the video to bus company ritchies coachlines along with a complaint.""
   - This matches the summary. **Consistent**.

2. **In the footage the driver can be seen flicking through pages of the newspaper while the bus is in motion**:
   - The article states: ""in the footage the driver can be seen flicking through pages of the newspaper while the bus is in motion.""
   - This matches the summary. **Consistent**.

3. **Ritchies boss Andrew Ritchie said he was embarrassed by the 'idiot' driver's actions**:
   - The article states: ""ritchies coachlines boss andrew ritchie said he was embarrassed by the ` idiot ' driver 's actions.""
   - This matches the summary. **Consistent**.

All three statements in the summary are directly supported by the article. There are no additional claims in the summary that are not in the article, and no contradictions.

**Final Answer: consistent**."
33,"Decide if the following summary is consistent with the corresponding article.
      Note that consistency means all information in the summary is supported by the article.
      Explain your reasoning step by step first, and then answer (consistent or inconsistent) at the end:
      <Article>
      A merry widow from Edinburgh who loves to party the night away dancing on tables admits her lifestyle is a far cry from her own grandparents. Pat Ingles, 69, remembers her grandmother sitting by the fire knitting in a pinny and slippers. In comparison, the retired hairdresser, prefers to dress up in kinky outfits and go out drinking until the early hours. Pat, 69, pictured left in her police woman fancy dress outfit, enjoys pole dancing with friend Julia, 67, right 'I really enjoy myself, I party hard,' she admitted on the Channel 5 show OAPs Behaving Badly. 'I have heard of the saying ""grow old gracefully"" but I don't understand it.' Grandmother-of-three Pat lost her husband 12 years ago to prostate cancer after dutifully caring for him during the last nine years of his life following his diagnosis. Now she's focused on enjoying herself and wants to make the most of the time she has left. She said: 'I have cared for people all my life. I don't want to look after someone full-time again, I want to look after me now. 'Whatever time I have left I am going to party and love it till I die.' Pat in another of her risque outfits gets to grips with an Elvis impersonator in Menorca While Pat likes to hit the town at night, during the day she hits the gym and also enjoys pole-dancing lessons. Thanks to keeping fit and active, she says she feels confident about her appearance as she nears 70 and as a result, she is happy to show off her body in a number of 'kinky' outfits. Her wardrobe includes a risque fancy dress police woman look, air hostess and French Maid outfits, as well as a leather jumpsuit, and she teams them all with stilettos. She said: 'I like to dress sexy, if I can't walk in high heels, I won't go outside. I just like to have fun and feel good in whatever I wear. 'For my age I don't have a bad body. I can walk into a room and I still turn heads and I like that.' Pat, pictured again with the Elvis impersonator, loves to party and stay out dancing on tables Far from being embarrassed by their party pensioner grandparent, Pat's family think she's great fun and love it if she joins them on nights out. Her granddaughter, Paris, 20, said: 'She stays out till 1am dancing on the tables, it's not embarrassing, I don't think ""my nanna shouldn't do that"", it's cool.' Pat isn't alone in her desire to party. She has a partner in crime in her friend Julia Church, 67, who now lives in Menorca. Julia, also a retired hairdresser, moved to the Spanish island with her husband and now parties with her fellow British expats following his death seven years ago. Pat regularly visits her and the pair get glammed up for nights out where they drink and dance the night away. Pat on a night out with Julia, left, who says 'we'll just keep going till we fall to bits' The friends often party all night in Menorca where Julia now lives Julia said: 'You can't judge others like us, we're not normal, we're crazy. Being 67 or 27 it doesn't make any difference, we're exactly the same. 'I don't like the thought of getting old, we'll just keep going till we fall to bits. There's no point worrying about it, you'll make yourself depressed.' Pat has been single for years following the death of her husband and said she has dated some younger men - including a man in his 40s who was younger than her 49-year-old son. But now she's found happiness with Colin, 66. She said: 'We have a fantastic time together, we have good sex, we enjoy each others' company. 'I realised how much I missed that, having someone to care for me and protect me and treat me like a lady.' Julia shows off her pole dancing skills. She admits: 'I don't like the thought of getting old' OAPs Behaving Badly is on Channel 5 Wednesdays at 9pm
      </Article>

      <Summary>
      pat ingles , 69 , from edinburgh loves to party the night away . she lost her husband 12 years ago to prostate cancer after caring for him . now she 's focused on enjoying herself and wants to make the most of the time she has left .
      </Summary>

      Answer:
      ","To determine if the summary is consistent with the article, let's break it down step by step:

1. **Pat Ingles' Age and Location**: The summary states that Pat Ingles is 69 and from Edinburgh. This is directly supported by the article, which mentions, ""A merry widow from Edinburgh... Pat Ingles, 69...""

2. **Love for Partying**: The summary says Pat loves to party the night away. The article supports this with multiple statements, such as ""I really enjoy myself, I party hard,"" and descriptions of her going out drinking and dancing on tables.

3. **Loss of Husband**: The summary mentions that Pat lost her husband 12 years ago to prostate cancer after caring for him. The article confirms this: ""Grandmother-of-three Pat lost her husband 12 years ago to prostate cancer after dutifully caring for him during the last nine years of his life following his diagnosis.""

4. **Focus on Enjoying Herself**: The summary states that Pat is now focused on enjoying herself and making the most of her time. The article supports this with her quote: ""Whatever time I have left I am going to party and love it till I die,"" and other statements about her desire to have fun.

All the information in the summary is directly supported by the article, and there are no discrepancies or unsupported claims.

**Answer: consistent**"
34,"Decide if the following summary is consistent with the corresponding article.
      Note that consistency means all information in the summary is supported by the article.
      Explain your reasoning step by step first, and then answer (consistent or inconsistent) at the end:
      <Article>
      The way we work, play and live with robots is changing.
In a special series Ricky travels the country meeting the robots of the future and the scientists working on them.
From spending a night in a robot house to getting a brain scan, Ricky finds out how and why our relationship with robots is changing, fast.
Check out his first report here...
      </Article>

      <Summary>
      meet ricky\'s first professional team in the united states.
      </Summary>

      Answer:
      ","Let's analyze the consistency between the article and the summary step by step.

1. **Article Content**:
   - The article discusses how our interaction with robots is changing.
   - It mentions Ricky traveling the country to meet future robots and scientists working on them.
   - It describes Ricky's experiences, such as spending a night in a robot house and getting a brain scan.
   - It invites readers to check out Ricky's first report.

2. **Summary Content**:
   - The summary mentions ""meet ricky's first professional team in the united states.""

3. **Comparison**:
   - The article does not mention anything about Ricky having a ""first professional team"" in the United States or anywhere else.
   - The focus of the article is on robots and scientists, not on any team associated with Ricky.
   - There is no supporting information in the article for the claim made in the summary.

4. **Conclusion**:
   - The summary introduces information (""first professional team"") that is not present or supported by the article.
   - Therefore, the summary is inconsistent with the article.

Answer: inconsistent."
35,"Decide if the following summary is consistent with the corresponding article.
      Note that consistency means all information in the summary is supported by the article.
      Explain your reasoning step by step first, and then answer (consistent or inconsistent) at the end:
      <Article>
      (CNN)Ursula Ward kept repeating her son's name -- Odin. She steadied herself against the podium in the Fall River, Massachusetts, courtroom and occasionally paused. She was tired after more than two years of pain, punctuated Wednesday when her son's killer, Aaron Hernandez, was convicted of first degree murder and sentenced to life in prison. Odin Lloyd was her first born, her only son. ""Odin was the backbone of the family. Odin was the man of the house. Odin was his sisters' keeper,"" Ward told Judge Susan Garsh, before Garsh sentenced the  former pro-football player. Lloyd was 27-years-old and working for a landscaping firm when he was killed in June 2013. He played football for the Boston Bandits, the oldest semi-pro team in Boston and the winner of four championships in the New England Football League, according to the team's website. His mother, sister, uncle and cousin described him as a champion of family, a gifted athlete and a hard worker with a sense of humor. They said he rode his bike several miles to get to work. He went to all of his niece's recitals. ""Odin was my first best gift I (will) ever receive,"" his mother said. ""I thank God (for) every second and every day of my son's life that I spent with him. ""The day I laid my son Odin to rest,"" she continued, pausing to maintain her composure, ""I think my heart stopped beating for a moment. I felt like I wanted to go into that hole with my son, Odin."" She can still hear him talking to her: ""'Ma, did you cook? Ma, go to bed. Ma, you're so beautiful.'"" Ed Lloyd followed Ward to address the judge. Odin Lloyd's uncle thanked everyone who worked on the case against Hernandez. His nephew, he said, ""meant a lot to me."" ""To see how he grew, the respect he had, the toughest thing for me is that I won't get to see him have a child...,"" Ed Lloyd said. He loved watching his nephew and his son together. ""A lot of people won't see from the outside the value and the riches (Odin Lloyd) had,"" he said. ""I'm sorry for where I stand today but I know that all the time I had with him was special and he'll always be with me."" Who was Odin Lloyd? Odin Lloyd's sister Olivia Thibou wept as she explained what it has felt like to lose her brother. ""These last couple years have been the hardest of our lives,"" she said, recalling that she was asked to writer her brother's eulogy.  ""I got to write all the great memories I have of him."" She laughed, recalling his insistence on wearing the same Adidas flip-flops until the soles wore away. He was ""prideful,"" she said. He would take her car out and just when she was starting to angry, he'd pull in with the car shining and clean, inside and out. He taught her daughter how to ride a bike. His murder, she said, ""feels like a bad dream."" Ward told the court that she constantly thinks about her son. ""I miss my baby boy Odin so much,"" she said. ""But I know I'm going to see him again someday and that has given me the strength to go on."" She has also apparently gained strength from the act of forgiveness. ""I forgive the hands of the people that had a hand in my son's murder,"" she said. ""I pray and hope that someday everyone out there will forgive them also."" What's next for Aaron Hernandez?
      </Article>

      <Summary>
      lloyd was 27-years-old and working for a landscaping firm when he was killed.
      </Summary>

      Answer:
      ","To determine if the summary is consistent with the article, let's break it down step by step:

1. **Summary Statement**: ""Lloyd was 27-years-old and working for a landscaping firm when he was killed.""
   
2. **Article Verification**:
   - The article states: ""Lloyd was 27-years-old and working for a landscaping firm when he was killed in June 2013."" This matches the summary exactly.

3. **Consistency Check**:
   - The summary only includes one piece of information, which is directly supported by the article. There are no additional claims in the summary that could be inconsistent.

Since the information in the summary is directly and fully supported by the article, the summary is consistent.

Answer: consistent"
36,"Decide if the following summary is consistent with the corresponding article.
      Note that consistency means all information in the summary is supported by the article.
      Explain your reasoning step by step first, and then answer (consistent or inconsistent) at the end:
      <Article>
      (CNN)For Lt. Colonel John Schwemmer, the scenery is all too familiar. This is his sixth tour in Iraq, and he's back doing a job that he's been tasked with before: training Iraqi soldiers. Schwemmer and other active U.S. military personnel are on the ground in Iraq, whipping often ill-equipped government troops into shape. They've been here before, but this time, he feels, they're getting it right. But the U.S. military isn't the only contingent of Western forces in the region -- dozens of foreigners, including Americans, have volunteered to take the fight to ISIS. And increasingly, U.S. military training efforts are being supplemented by outside agencies, who are working with Kurdish government troops and even militia in Iraq and Syria. ""Many of us do feel that we do have the skills and qualifications that can be used to benefit those in the region,"" said Ian Bradbury, a Canadian former soldier who is training Kurdish Peshmerga forces in northern Iraq. While it is difficult to say how many foreign volunteers are fighting ISIS, a spokesman for a Kurdish militia fighting against them in Syria -- known as the YPG -- told the New York Times their forces include more than 100 American citizens. U.S. law enforcement officials say it is illegal to join a Syrian militia. But some organizations have set up recruitment drives online, featuring applications for foreign fighters complete with checklists of what to bring and advice on bringing body armor across international borders. Jordan Matson, a 28-year-old former U.S. army soldier from the tiny town of Sturtevant, Wisconsin, volunteered with the YPG. He told CNN that after much soul searching he realized that he needed to help in the battle against ISIS' brutal, expansionist regime. ""I got in contact with the YPG on Facebook and prayed about it for probably a month or two and asked, 'is this what I want to do?' and eventually, you know, decided to do it. ""All my life I wanted to be a solider... so I guess this just fits well over here."" But foreign fighters aren't universally welcomed by those opposing ISIS. The Peshmerga, the military wing of the Kurdish Regional Government (KRG) that has been one of the most effective counterbalances to ISIS' expansion, has said they don't want or need foreign fighters, according to Bradbury. ""The information I've been getting back is that there's very little use for (Western fighters) on the front lines, especially on the KRG side -- they have significant numbers of personnel -- it's a source of Kurdish pride for them to rise up in scenarios like this. They more need the development assistance."" Peshmerga spokesman Helgurd Hekmat also told Kurdish news wire Rudaw that it was illegal for foreigners to join their ranks. While individual fighters are not always accepted, volunteers working as military trainers are sharing their expertise to support those on the front lines of the fight against ISIS forces. Bradbury set up 1st North American Expeditionary Forces (1st NAEF), a training body which, he says, is currently providing material support and training to the Peshmerga, whose name means ""those who face death,"" in northern Iraq. ""Internal capacity building is by far the solution that you can put into a region that is suffering instability from conflict,"" he told CNN by phone from his base in Ottawa, Canada. ""Increasing their ability to maintain stability over the long term is far better than trying to influx it with a bunch of westerners who are going to leave within a short period of time."" He was prompted to establish the group after seeing ""fairly significant gaps"" in the support provided by the coalition forces for the Kurdish, Iraqi regular and militia ranged against ISIS. The U.S. military is ""confident"" that its support of the forces battling ISIS on the ground is sufficient. ""We're confident the U.S. military mission of degrading and ultimately defeating (ISIS) will be found by working through our Middle Eastern partners and the international community,"" Maj. Omar Villarreal, Communication Integration Planner, U.S. Central Command Communication Integration Directorate, told CNN. ""The training element of the mission is no different. It relies on direct and comprehensive military cooperation with regional partner nations, who share a mutual interest in promoting security. One of the goals of the train and equip program, is to build the capabilities of the moderate Syrian fighters to defend the Syrian people. We are confident in our efforts."" With coalition members keen to distance themselves from calls for Western boots on the ground -- and little political appetite from overseas for risking Western troops in what many see as a sectarian conflict, Bradbury contends that the best-case scenario is exactly the kind of logistical support that organizations like 1st NAEF are providing. ISIS is keen to play up religious and sectarian divisions in order to create the perception that they are the Sunni protectors of a persecuted underclass, sending non-Arab troops into the battlefield -- even in a support role -- could play into that divisive rhetoric. Bradbury downplays this risk, saying the threat is there, and is best contained in the region. Providing noncombat backing, such as medical, weaponry, logistical and training assistance would appear, he thinks, to be the best way of supporting those Kurdish and Arab troops on the front. ""Regardless of perceptions of any kind of us-against-them scenario, it absolutely is a world-against-ISIS issue that needs to take place and there definitely needs to be a global response,"" he said.
      </Article>

      <Summary>
      many foreign volunteers are fighting isis.
      </Summary>

      Answer:
      ","To determine if the summary is consistent with the article, let's analyze the information step by step:

1. **Summary Statement**: ""many foreign volunteers are fighting isis.""
   
2. **Article Evidence**:
   - The article mentions that ""dozens of foreigners, including Americans, have volunteered to take the fight to ISIS.""
   - It also states that a Kurdish militia (YPG) includes ""more than 100 American citizens"" among their forces.
   - Examples like Jordan Matson, a former U.S. army soldier, are provided as foreign volunteers fighting with the YPG.
   - While the Peshmerga (Kurdish Regional Government's military wing) does not welcome foreign fighters on the front lines, other groups like the YPG do accept them.
   - The article also discusses foreign volunteers working as military trainers (e.g., Ian Bradbury's 1st NAEF), though these are not directly ""fighting"" ISIS.

3. **Consistency Check**:
   - The summary claims ""many foreign volunteers are fighting isis,"" which aligns with the article's mention of ""dozens of foreigners"" and ""more than 100 American citizens"" fighting with groups like the YPG.
   - While the article notes that not all groups (e.g., Peshmerga) welcome foreign fighters, the existence of foreign volunteers fighting ISIS is clearly supported.
   - The term ""many"" in the summary is somewhat subjective, but the article provides enough evidence (dozens to hundreds of foreigners) to support the idea of a significant number.

4. **Conclusion**: The summary is consistent with the article, as the article explicitly supports the claim that foreign volunteers are fighting ISIS.

Answer: consistent"
37,"Decide if the following summary is consistent with the corresponding article.
      Note that consistency means all information in the summary is supported by the article.
      Explain your reasoning step by step first, and then answer (consistent or inconsistent) at the end:
      <Article>
      Britt McHenry is back to work. The disgraced ESPN sports reporter has been suspended for a week since footage emerged showing her unleash a vicious verbal attack on a single mother-of-three at a towing firm. Her car had been towed from the parking lot of a Chinese restaurant in Virginia, where she left it overnight on Easter Weekend. When she picked it up, infuriated, she resorted to insulting the employee's looks, intelligence, and social status. But despite viewers' calls for harsher punishment, the network has reinstated the 28-year-old to her role with a spot on SportsCenter this weekend. Confirming the news to Sports Illustrated, senior coordinating producer Seth Markman said: 'She knows she made a mistake. She’s owned up to it. I think she is just really anxious to get back to work.' Scroll down for video . She's back! Britt McHenry (left) has been reinstated as an ESPN sports reporter after being filmed attacking tow clerk Gina Michelle (right) for her looks and social status in a video the sparked mass outrage . Vicious: ESPN sports reporter Britt McHenry was suspended for one week after the April 6 video surfaced . Markman insisted 'she has a lot of potential as a reporter', adding, 'she is young, she’s learning some things, but I really do believe in her.' He continued: 'We had a conversation where we both talked about that it would take time and it will be hard. She knows that, and especially at the beginning. 'She realizes she will have to do her job really well and hopefully win back some of the trust of our viewers. We expect that from her, and I expect that from her. 'She did a great job for us on the NFL last year in some difficult situations and I have seen nothing that doesn’t make me think she will rebound from this. But she knows the first couple of assignments out of the box will not be easy.' Online petitions for McHenry to be fired reached 10,000 within a day of the footage being released. The verbal attack on April 6 was captured on a security camera as she paid to pick the vehicle up at the tow lot office, where clerk Gina Michelle was stood behind the counter. 'I’m in the news, sweetheart, I will f*****g sue this place,' McHenry can he heard saying  in the video. Michelle can be heard warning McHenry she is being filmed and threatens to 'play your video'. McHenry seems unfussed, responding: 'That’s why I have a degree and you don't - I wouldn't work in a scumbag place like this. Caught red-faced: Incredibly, McHenry was warned that she was being filmed at the start of her ugly rant, however continued to insult the woman's looks, education and job on-camera . Unhappy customer: Britt McHenry leaving the towing company and flipping a finger to the cameras . Warning: Since Britt McHenry's outburst, this sign has been placed on the door of the Chinese restaurant . Scene of the tirade: This is the towing yard in Arlington, VA, where McHenry's abusive rant happened . Restaurant employees said McHenry left her car in the parking lot after happy hour then went elsewhere . 'Makes my skin crawl even being here.' Michelle patiently replies: 'Well let's get you out of here quickly.' McHenry then fires back: 'Yep, that's all you care about - taking people's money… with no education, no skill set. Just wanted to clarify that.' After a few more comments, including telling Michelle she doesn't have a brain, McHenry delivers her biggest sting. 'Maybe if I was missing some teeth they would hire me, huh?' she says. 'Cos I'm on television and you're in a f*****g trailer, honey.' Finally, before walking away, McHenry says: 'Lose some weight, baby girl.' Although she issued an apology on Twitter, the sportscaster did not approach Michelle directly. The apology: McHenry offered up this note as the video of her awful attack spread online Thursday . Hundreds of people have reacted to the incident on Twitter as ESPN refuses to comment further . At first, McHenry tweeted insisting she had been in the right. But that post was deleted within hours. Employees at the beer hall-cum-Chinese-restaurant Hunan Number One told Daily Mail Online the sports reporter left her car in the parking lot overnight despite clear signs on the door that cars will be towed, warning bar-goers that the restaurant would not be responsible 'if your car is towed from the parking lot'. The venue, which features 'happy hour' from 11am until 9pm, was described by enthusiastic patrons as a prime 'pre-game' spot and online reviewers as a beloved dive bar. Hunan Number One, offers sushi, hot-wings and other bar food, along with 32oz draft beers for around $8, five-buck highballs and half-price bottles of wine, served up in front of big screen TVs playing sports. When the bar shuts at 2am, the private towing company, Advanced Towing, within minutes began removing cars in concurrence with a rule on the private lot. The firm showed magnanimity, saying it did not want McHenry to suffer. In a statement Advanced Towing said: 'Parking enforcement is contentious by nature. At the same time, neither Gina, our lot clerk, nor our company, have any interest in seeing Britt McHenry suspended or terminated as a result of her comments. 'Ms McHenry is our neighbor, and, as she said, to paraphrase, made remarks that were out of line. She is human and errors in judgement can be made in the heat of the moment. 'Gina is a single mother of 3 children who works a difficult job to provide her family. Gina holds no ill will toward Ms McHenry. 'As a small regulated business, we saw no benefit to releasing the video, except to highlight personal attacks employees in jobs like towing, public parking enforcement and others sometimes encounter. 'The video was not licensed or sold to anyone.'
      </Article>

      <Summary>
      britt mchenry is back to work. she resorted to insulting the employee's looks, intelligence, and social status. the network has reinstated the 28-year-old to role with a spot on sportscenter. her car had been towed from the parking lot of a chinese restaurant in virginia. the disgraced espn reporter has been suspended for a week since footage emerged. britt mchenry suspended for one week after the april 6 video surfaced.
      </Summary>

      Answer:
      ","To determine if the summary is consistent with the article, let's analyze each statement in the summary and check if it is supported by the article:

1. **""britt mchenry is back to work.""**  
   - The article states: ""Britt McHenry is back to work.""  
   - **Supported.**

2. **""she resorted to insulting the employee's looks, intelligence, and social status.""**  
   - The article describes her insults: ""she resorted to insulting the employee's looks, intelligence, and social status.""  
   - **Supported.**

3. **""the network has reinstated the 28-year-old to role with a spot on sportscenter.""**  
   - The article confirms: ""the network has reinstated the 28-year-old to her role with a spot on SportsCenter this weekend.""  
   - **Supported.**

4. **""her car had been towed from the parking lot of a chinese restaurant in virginia.""**  
   - The article mentions: ""Her car had been towed from the parking lot of a Chinese restaurant in Virginia.""  
   - **Supported.**

5. **""the disgraced espn reporter has been suspended for a week since footage emerged.""**  
   - The article states: ""The disgraced ESPN sports reporter has been suspended for a week since footage emerged.""  
   - **Supported.**

6. **""britt mchenry suspended for one week after the april 6 video surfaced.""**  
   - The article confirms: ""ESPN sports reporter Britt McHenry was suspended for one week after the April 6 video surfaced.""  
   - **Supported.**

### Conclusion:
All statements in the summary are directly supported by the article. There are no inconsistencies or unsupported claims.  

**Answer: consistent**"
38,"Decide if the following summary is consistent with the corresponding article.
      Note that consistency means all information in the summary is supported by the article.
      Explain your reasoning step by step first, and then answer (consistent or inconsistent) at the end:
      <Article>
      Liverpool manager Brendan Rodgers has reminded Raheem Sterling and Jordon Ibe about their professional responsibilities and urged them to learn from a chastening week. Sterling, the England international who will lead Liverpool’s line at Wembley on Sunday in the absence of the injured Daniel Sturridge, was exposed for inhaling the legal high nitrous oxide on Monday. Then 24 hours later pictures emerged of Sterling and Ibe with shisha pipes. Raheem Sterling (right) was pictured smoking a shisha pipe with team-mate Jordon Ibe earlier this season . Liverpool boss Brendan Rodgers (left) hasn't disciplined Sterling (pictured) or Ibe for the incident . Ibe was present among the Reds squad during their training session on Friday ahead of their FA Cup semi . Rodgers, who has Steven Gerrard available for the FA Cup semi-final with Aston Villa, spoke to Sterling and Ibe in his office on Thursday but neither will be disciplined and Rodgers now wants to draw a line under the matter. He said: ‘It is understanding that when you are a professional, elite sportsperson, there are things you can and cannot be doing and be seen to be doing. ‘It’s not just for your welfare but also because of your responsibilities. ‘It is difficult. Some of these young guys are doing what you would consider to be normal things — and I’m not talking about this instance — (but) how it gets framed is totally different.’ Rodgers would not discuss whether he would give Gerrard, available after a three-match suspension, an immediate recall against Villa, making it clear that his sole priority is steering Liverpool into their first FA Cup final of his reign. They fell short in the title race last season and then faltered in the last four of the Capital One Cup in January, but Rodgers thinks they are ready to progress. Reds have captain Steven Gerrard (centre) back for their FA Cup semi after serving a three-match suspension . ‘When you get so close, whether it was in the title race or the cup, it hurts,’ said Rodgers. ‘Trace back the winners in sport. If you look at everything they have won, also look at what they have lost. You will see that they go close on a number of occasions before they step on. ‘Look at players who have won Champions Leagues and you trace back and see they have also lost Champions League semi-finals and finals. It’s all part of the journey — losing but taking that forward and improving you.’ Rodgers (left) hasn't revealed whether he'll recall Gerrard for Sunday's clash against Aston Villa at Wembley .
      </Article>

      <Summary>
      brendan rodgers says raheem sterling and jordon ibe . the england international will lead liverpool 's line at wembley on sunday . daniel sturridge was exposed to inhaling the legal high nitrous oxide on monday . the liverpool manager brendan rodgers wants to draw a line under the matter .
      </Summary>

      Answer:
      ","Let's analyze the summary step by step to see if it's consistent with the article:

1. ""brendan rodgers says raheem sterling and jordon ibe"" - The article does mention that Rodgers spoke to Sterling and Ibe about their professional responsibilities, so this is consistent.

2. ""the england international will lead liverpool 's line at wembley on sunday"" - The article states that Sterling (the England international) will lead Liverpool's line at Wembley in Sturridge's absence, so this is correct.

3. ""daniel sturridge was exposed to inhaling the legal high nitrous oxide on monday"" - This is INCONSISTENT. The article clearly states it was Raheem Sterling, not Daniel Sturridge, who was exposed for inhaling nitrous oxide.

4. ""the liverpool manager brendan rodgers wants to draw a line under the matter"" - This is directly supported by the article where Rodgers says he wants to draw a line under the matter.

The third point contains incorrect information (attributing the nitrous oxide incident to Sturridge instead of Sterling), which makes the summary inconsistent with the article.

Final answer: inconsistent"
39,"Decide if the following summary is consistent with the corresponding article.
      Note that consistency means all information in the summary is supported by the article.
      Explain your reasoning step by step first, and then answer (consistent or inconsistent) at the end:
      <Article>
      After being reduced to 8-2, they posted a score of 255-7, with Davies and Ben Foakes (90) sharing a stand of 130.Yorkshire's run-chase was undermined by a three-wicket burst in nine balls from Stuart Meaker, whose victims included Jonny Bairstow and Gary Ballance.Tim Bresnan made 68 but was the last to go as they were all out for 236.Having lost to Durham in the T20 Blast semi-finals last weekend, Yorkshire were hoping to atone by reaching Lord's for the first time since 2002.They made the ideal start as Dominic Sibley and Kumar Sangakkara went inside the first three overs, the Sri Lankan making only four before needlessly giving a catch to cover.But they were left to rue Matthew Waite dropping Davies, then on 43, off his own bowling just after having Rory Burns caught on the boundary.Davies went on to hit a six and 10 fours before finally falling to Waite, who took 3-48 and also dropped a more difficult return chance offered by Foakes.After losing Adam Lyth early, Yorkshire were well-placed on 75-2, but fast bowler Meaker (3-61) turned the game on its head by ripping out Bairstow (13), who lobbed tamely to mid-wicket, Ballance (32) and Jack Leaning.Bresnan and Waite (38) did their best to repair the damage, but 27 off the final three overs was too much and Bresnan holed out at long-off with seven balls remaining.Surrey skipper Gareth Batty told BBC Radio London:""Everyone is stepping up to the plate when the team requires, everybody's pulling together.""Davies and Foakes were quite magnificent, that partnership blew the game wide open.""The position we got ourselves to, I thought we should maybe have been 265 or 270.""But we got wickets at the right times and it was always going to be an uphill battle for them once it got down to those final overs.""Yorkshire captain Alex Lees:""We are all gutted. We have played some great white-ball cricket this season, but when it has mattered we haven't been good enough.""The bowlers were exceptional and we thought it was a reachable target. We needed someone in the top five to make a contribution and we would have reached the target comfortably.""
      </Article>

      <Summary>
      yorkshire reached the one-day cup quarter-finals with a run-chase victory over yorkshire at headingley.
      </Summary>

      Answer:
      ","To determine if the summary is consistent with the article, let's analyze the information step by step:

1. **Teams Mentioned**: The article discusses a match between Yorkshire and Surrey, not Yorkshire versus Yorkshire. The summary incorrectly states that Yorkshire played against Yorkshire.

2. **Match Outcome**: The article describes Yorkshire's loss to Surrey, not a victory. Yorkshire was all out for 236 while chasing Surrey's score of 255-7. The summary claims a ""run-chase victory,"" which is incorrect.

3. **Stage of the Tournament**: The article mentions Yorkshire's hopes of reaching Lord's (implied to be the final) and their loss in the T20 Blast semi-finals, but it does not specify that this match was a quarter-final. The summary incorrectly labels it as a ""quarter-finals"" match.

4. **Venue**: The article does not mention Headingley as the venue for this match. The summary includes this detail without support from the article.

5. **Consistency Check**: The summary contains multiple inaccuracies (teams, outcome, tournament stage, venue) that are not supported by the article. 

Conclusion: The summary is **inconsistent** with the article. 

Answer: inconsistent."
40,"Decide if the following summary is consistent with the corresponding article.
      Note that consistency means all information in the summary is supported by the article.
      Explain your reasoning step by step first, and then answer (consistent or inconsistent) at the end:
      <Article>
      Arsenal and Manchester City are tracking Bayer Leverkusen midfielder Hakan Calhanoglu. The Turkey international has impressed since joining from Hamburg in the summer, scoring five times in Leverkusen's bid to qualify for the Champions League. And his displays have captured the attention of both City and Arsenal in recent months. Arsenal and Manchester City are keen on Bayer Leverkusen star Hakan Calhanoglu, pictured here in action earlier this month against FC Kaiserslautern in the German Cup quarter final . The Gunners have been on the 21-year-old's case since last season, but City are also paying close attention to his displays having impressed Etihad Stadium scouts in recent months. Calhanoglu's ability from dead ball situations have particularly caught the eye of City and Arsenal scouts. Calhanoglu has impressed at Leverkusen this season following his arrival from Hamburg last summer . Manchester City and Arsenal both have scouts monitoring the 21-year-old dead ball specialist's progress .
      </Article>

      <Summary>
      the gunners have been on the 21-year-old's case since last season.
      </Summary>

      Answer:
      ","To determine if the summary is consistent with the article, let's analyze the information step by step:

1. The summary states: ""the gunners have been on the 21-year-old's case since last season.""
   - ""The Gunners"" refers to Arsenal.
   - The article explicitly mentions: ""The Gunners have been on the 21-year-old's case since last season.""

2. The summary does not include any additional information that isn't supported by the article. It only repeats a specific claim that is directly stated in the article.

Since the summary's statement is directly supported by the article and there are no inconsistencies or unsupported claims, the summary is consistent with the article.

Answer: consistent"
41,"Decide if the following summary is consistent with the corresponding article.
      Note that consistency means all information in the summary is supported by the article.
      Explain your reasoning step by step first, and then answer (consistent or inconsistent) at the end:
      <Article>
      Deputy Foreign Minister Faisal al-Mekdad told the BBC ""Syria is doing its best"" to comply with the timetable to destroy its chemical weapons.Syria missed Wednesday's deadline to hand over its entire stockpile.Mr Mekdad said a shipment of weapons came under attack twice on its way from Damascus to the port of Latakia.""We shipped two shipments to the Syrian coast,"" he said. ""The second shipment was intercepted by fire from terrorist groups.""He added: ""This is a serious business. Syria is in war, and the Americans and others have to take this into consideration.""He described as ""absolutely unacceptable"" US Secretary of State John Kerry's recent condemnation of the government's use of barrel bombs in the city of Aleppo.The UK-based Syrian Observatory for Human Rights claims 246 people, including 73 children, have been killed in Aleppo in the last five days alone after barrels containing explosives and metal fragments were dropped by military helicopters.Activist group The Aleppo Media Centre claims 14 people were killed in barrel bomb attacks on the Masaken Hanano district on Thursday, citing footage appearing to show bombs being dropped from a helicopter onto a civilian area.""We are defending our people against terrorist attacks. We have never bombarded places with civilians,"" Mr Mekdad insisted, accusing the US of ""still supporting terrorist elements"" in the country.The Syrian government, via state media, also denied reports that rebels had seized most of Aleppo's central prison.The Syrian Observatory for Human Rights said members of the Islamic Front coalition, dominated by the Ahrar al-Sham brigade and the al-Qaeda affiliate al-Nusra Front, mounted the assault, freeing hundreds of detainees.But state television insisted soldiers and security forces had ""thwarted an attack against the prison by terrorist groups"".The Observatory says fighting is still going on, but the Ahrar al-Sham brigade and the Aleppo Media Centre, a citizen-journalist outlet, say rebels now completely control the prison.It is reported to hold at least 3,000 detainees, including Islamists, activists and minors, in horrific conditions.Syria has about 1,300 tonnes of declared chemical weapons.The US said last week that so far only about 4% of the stockpile - 30 tonnes - had left the country.US Defence Secretary Chuck Hagel said he was ""concerned"" that the UN-backed plan was falling behind schedule and said Damascus ""had to take responsibility for fulfilling its commitment"".Russia - a key ally of Syria - has said Damascus should complete the transfer of its chemical weapons to the coast for removal by ship by 1 March.A deadline was set last year for all the weapons to be destroyed by the end of June.The Organisation for the Prohibition of Chemical Weapons (OPCW), which is overseeing the destruction operation, has admitted the process has been slowed down by security concerns.Mr Mekdad stressed: ""Syria is committed to all its agreements, with the OPCW and the UN Security Council. We shall implement on time all our obligations.""
      </Article>

      <Summary>
      syria says it is ``appalled\'\'by reports that syrian forces have been killed by islamic state (is) militants in syria.
      </Summary>

      Answer:
      ","Let's analyze the summary and the article step by step to determine if they are consistent.

1. **Summary Claim**: The summary states that Syria is ""appalled"" by reports that Syrian forces have been killed by Islamic State (IS) militants in Syria.

2. **Article Content**: 
   - The article discusses Syria's efforts to comply with the destruction of its chemical weapons, missed deadlines, and attacks on shipments.
   - It mentions accusations against the US for supporting ""terrorist elements"" and denies reports of rebels seizing Aleppo's central prison.
   - There is no mention of Islamic State (IS) militants or Syrian forces being killed by them.
   - The term ""appalled"" does not appear in the article, nor is there any expression of shock or dismay by Syria regarding such an event.

3. **Comparison**: The summary introduces a completely new topic (IS militants killing Syrian forces) and a reaction (""appalled"") that is not present in the article. The article does not discuss IS militants or any such incident.

4. **Conclusion**: The summary is not supported by the article in any way. The information in the summary does not appear in the article.

Answer: inconsistent."
42,"Decide if the following summary is consistent with the corresponding article.
      Note that consistency means all information in the summary is supported by the article.
      Explain your reasoning step by step first, and then answer (consistent or inconsistent) at the end:
      <Article>
      Jung won aboard Sam, who was a late replacement when Fischertakinou contracted an infection in July.France's Astier Nicolas took silver and American Phillip Dutton won bronze as GB's William Fox-Pitt finished 12th.Fox-Pitt, 47, was competing just 10 months after being placed in an induced coma following a fall.The three-time Olympic medallist, aboard Chilli Morning, produced a faultless performance in Tuesday's final show-jumping phase.But the former world number one's medal bid had already been ruined by a disappointing performance in the cross-country phase on Monday.He led after the dressage phase, but dropped to 21st after incurring several time penalties in the cross country.Ireland's Jonty Evans finished ninth on Cooley Rorkes Drift.Why not come along, meet and ride Henry the mechanical horse at some of the Official Team GB fan parks during the Rio Olympics?Find out how to get into equestrian with our special guide.Subscribe to the BBC Sport newsletter to get our pick of news, features and video sent to your inbox.
      </Article>

      <Summary>
      great britain\'s eventers missed out on a bronze medal at the rio olympics after losing in the dressage.
      </Summary>

      Answer:
      ","Let's analyze the summary and the article step by step to determine consistency.

1. **Summary Claim**: Great Britain's eventers missed out on a bronze medal at the Rio Olympics after losing in the dressage.

2. **Article Information**:
   - The article mentions that Great Britain's William Fox-Pitt finished 12th.
   - Fox-Pitt led after the dressage phase but dropped to 21st after the cross-country phase due to time penalties.
   - The medal winners were Jung (gold), Astier Nicolas (silver), and Phillip Dutton (bronze).
   - The article does not mention Great Britain's eventers as a team missing out on a bronze medal; it focuses on individual performances.
   - The reason for Fox-Pitt's drop in ranking is attributed to the cross-country phase, not the dressage phase.

3. **Inconsistencies**:
   - The summary incorrectly states that Great Britain's eventers missed out on a bronze medal as a team, while the article discusses individual performances.
   - The summary claims the loss was due to the dressage phase, but the article states the drop was due to the cross-country phase.
   - The article does not support the claim that Great Britain was in contention for a bronze medal as a team.

4. **Conclusion**: The summary contains information not supported by the article and misrepresents the reasons for the performance outcome.

Answer: inconsistent."
43,"Decide if the following summary is consistent with the corresponding article.
      Note that consistency means all information in the summary is supported by the article.
      Explain your reasoning step by step first, and then answer (consistent or inconsistent) at the end:
      <Article>
      (CNN)Danny Kahneman, my good friend and co-author who got a Nobel Prize in economics, once helped to run an experiment involving patients undergoing colonoscopies.  One group received a mildly pleasurable experience at the end of the procedure; the other group, which experienced the same type of colonoscopy, did not. It turns out that the group for whom things ended well had significantly more positive recollections of the whole affair from its beginning. The psychology of it is simple to understand: Happy endings matter. Even an unpleasant experience can lead to happy memories in hindsight if it ends well. So too with taxes. Let's just say that when it comes to taxes for the average American, ""stuff"" happens (keeping the colonoscopy metaphor running), paycheck to tax-reduced paycheck.  But recent statistics suggest that 8 out of 10 American taxpayers get a refund when they file their taxes, and the average amount is close to $3000. That pays for a lot of stuff. To make the good news even better, tax filing has gotten rather simple for most people, with various software and service providers offering to do the dreaded paperwork for free. No filing headaches and a check to boot. What's not to like? The fact of the matter is there is plenty not to like when it comes to the U.S. tax system. For example, the laws are biased against two-worker marriages; taxes go up when two relatively equal earners marry, as the rate brackets for couples are less than double that for single filers. Taxes are also overly complex and essentially optional for the truly rich, who make their wealth off of their existing wealth, the largely untaxed returns from capital, rather than by getting ordinary paychecks like most of us. But now is not the time to explain such serious matters; the people are too busy spending their refunds. The once dreaded Tax Day has become a happy spending spree for most Americans. This state of short-term bliss follows from some deep trends in our tax laws. In brief, the U.S. income tax system is increasingly a wage tax, with limited taxes on capital (what the rich have) and limited deductions for most of us.  For example, 3 out of 4 Americans using a standard deduction get no break for their charitable contributions. All of this has been hashed and rehashed by politicians, professors and pundits. But who has time for that? Let's go to our television sets and check out the commercials. One clever spot ran during the recent Super Bowl, suggesting that the Boston Tea Party -- a tax revolt -- could have been averted with free online filing, which the sponsor was eager to provide. Filling out 1040s was part of what made the income tax so odious for the masses for such a long time -- who doesn't remember our parents fretting over shoeboxes of receipts sometime in April, the cruelest month? Now as Tax Day approaches, we are flooded with advertisements about America getting its billions back, without even having to pay to prepare the forms. We get paid to play! Here is the happy ending that Kahneman and others have shown can mitigate the memories of unpleasantness past. The simple fact is that a simple tax is also rather simple to administer. Service providers kindly offer to help out the masses of befuddled Americans. Of course, these kind souls want their happy endings too. They are betting that once the large refunds become obvious to their customers, the grateful taxpayers-turned-consumers will happily purchase add-on services, such as ""audit protection insurance,"" or perhaps deposit the money in financial accounts managed by the provider. Just as lottery winners notoriously go on impulsive spending sprees, the ""found money"" of tax returns can finance many nice purchases. Of course, there are still those annoying matters of the deep unfairness of the tax laws, biased against modern families and wage earners, and in favor of the rich living off capital.  No real bother -- stuff happens. Let others fret about fairness. As long as our taxpaying or colon procedures end with a smile -- or a check -- who has time to dwell on the bad stuff that came before?
      </Article>

      <Summary>
      even an unpleasant experience can lead to happy memories in hindsight if it ends well.
      </Summary>

      Answer:
      ","Let's analyze the consistency between the summary and the article step by step.

1. **Summary Statement**: ""even an unpleasant experience can lead to happy memories in hindsight if it ends well.""

2. **Article Content**:
   - The article begins by discussing an experiment conducted by Danny Kahneman involving colonoscopies. One group had a mildly pleasurable experience at the end of the procedure, while the other did not. The group with the positive ending had more positive recollections of the entire experience.
   - The article explicitly states: ""Happy endings matter. Even an unpleasant experience can lead to happy memories in hindsight if it ends well.""
   - This concept is then extended to the U.S. tax system, where the article discusses how receiving a tax refund (a ""happy ending"") can make the overall tax-filing experience more positive, despite the system's flaws.

3. **Consistency Check**:
   - The summary directly quotes a key idea from the article, which is supported by both the colonoscopy experiment and the discussion about taxes.
   - The article clearly states that happy endings can mitigate unpleasant memories, which is the exact point made in the summary.

4. **Conclusion**: The summary is entirely supported by the article, with no contradictory or unsupported information.

Answer: consistent"
44,"Decide if the following summary is consistent with the corresponding article.
      Note that consistency means all information in the summary is supported by the article.
      Explain your reasoning step by step first, and then answer (consistent or inconsistent) at the end:
      <Article>
      Share this withEmailFacebookMessengerMessengerTwitterPinterestWhatsAppLinkedInCopy this linkNazanin Zaghari-Ratcliffe was sentenced to five years for allegedly plotting to topple the government in Tehran.Her husband, Richard Ratcliffe, has criticised the UK government for a lack of action and said the appeal against the term was happening in ""secret"".It is understood it is being held in Tehran on Wednesday.Mrs Zaghari-Ratcliffe, 38 has spent time in solitary confinement since her arrest at Tehran Airport last April, with her two-year-old daughter Gabriella.The child has remained in Iran after the government confiscated her passport and is being looked after by her grandparents.Mrs Zaghari-Ratcliffe was sentenced to five years in jail in September on charges that have not been disclosed.Mr Ratcliffe said the family could not go to his wife's appeal hearing and did not know when to expect a result as it was ""another of these secret trials"".He said: ""Obviously her father is terrified, as am I. We are increasingly on tenterhooks as to what could happen.""Mr Ratcliffe, 41, believes his wife is being used as a bargaining chip in a diplomatic row between Iran and the UK.He said he will know when the appeal has happened and what was said in the courtroom but the final outcome ""might come today, it might come next week"".There was a gap of about four weeks between his wife's trial and the verdict, he added.Mr Ratcliffe said his wife had felt suicidal and had started a hunger strike during her time in jail but there was ""more fight in her"" since being moved out of solitary confinement over Christmas.He told BBC Breakfast the outcome of the appeal was ""unpredictable"" as it could see her sentence quashed, reduced or increased.Speaking about his daughter, Mr Ratcliffe said: ""I have watched her grow up on Skype.""She has lost her English, and she is now pretty much fluent in Farsi - with only a few words in English.""Conversations now either have to be translated through one of her aunts and uncles or they are very physical - so playing peekaboo and watching her dancing.""Mr Ratcliffe said he was trying to get a visa so he could visit his wife and daughter.Amnesty International UK said Mrs Zaghari-Ratcliffe was a ""prisoner of conscience"" who was being held for ""peacefully exercising her right to freedom of expression and association"".Risk campaign manager Kathy Voss added: ""Though she shouldn't even find herself in this awful position, we very much hope the appeal will rule in Nazanin's favour and order her immediate release.""
      </Article>

      <Summary>
      the wife of a british woman who has been imprisoned in iran for more than a decade has said he is ``thrilled\'\'by the case.
      </Summary>

      Answer:
      ","Let's analyze the summary and the article step by step to determine if they are consistent.

1. **Subject of the Summary**: The summary refers to ""the wife of a british woman who has been imprisoned in iran for more than a decade."" However, the article is about Nazanin Zaghari-Ratcliffe, a British-Iranian woman imprisoned in Iran, and her husband, Richard Ratcliffe. The summary incorrectly refers to the wife of a British woman, which is not consistent with the article. The article discusses the husband of a British woman, not the wife of a British woman.

2. **Duration of Imprisonment**: The summary claims the imprisonment has been ""for more than a decade."" The article states that Nazanin Zaghari-Ratcliffe was arrested in April of the previous year (implied to be recent) and sentenced in September, so her imprisonment has not been for more than a decade. This is inconsistent with the article.

3. **Emotional Reaction**: The summary states that the person is ""thrilled"" by the case. The article describes Richard Ratcliffe as ""terrified"" and ""on tenterhooks,"" which is the opposite of ""thrilled."" This is inconsistent with the article.

4. **Other Details**: The summary does not mention any other details from the article, such as the appeal hearing, the daughter's situation, or the diplomatic context, but these omissions do not make it inconsistent—they just make it incomplete. The inconsistency arises from the incorrect details mentioned above.

### Conclusion:
The summary contains multiple inaccuracies and misrepresentations of the article's content. Therefore, it is **inconsistent** with the article. 

Answer: inconsistent"
45,"Decide if the following summary is consistent with the corresponding article.
      Note that consistency means all information in the summary is supported by the article.
      Explain your reasoning step by step first, and then answer (consistent or inconsistent) at the end:
      <Article>
      Aberdeenshire-based Harbro Group saw pre-tax profit increase by £800,000, to £3.5m, in the year to the end of June 2016.This was despite turnover falling by £1m to just over £100m.Harbro said international sales grew over the year, both in Europe and in new markets further afield.The Turriff-based company manufactures and supplies feeds for the beef, sheep, dairy, pig and poultry sectors.It also has a network of 19 shops across Scotland, operating under the Country Store brand. The stores cater for farming and rural communities with a range of products, including fireside supplies, country clothing and footwear.In accounts filed with Companies House, the company said: ""As always, the outlook for agriculture is difficult to predict.""We have certainly been experiencing challenging times over the last 12-18 months but the industry is a robust one.""The impact of Brexit is still to be fully understood, although the board are confident that the group will be well positioned for whatever business challenges this may bring about.""
      </Article>

      <Summary>
      one of scotland\'s largest food suppliers has reported a rise in turnover and profits for the past year.
      </Summary>

      Answer:
      ","Let's analyze the summary and the article step by step to determine if they are consistent.

1. **Summary Claim**: ""one of scotland's largest food suppliers has reported a rise in turnover and profits for the past year.""

2. **Article Information**:
   - The article states that Harbro Group saw a pre-tax profit increase by £800,000, to £3.5m. This supports the part of the summary about a rise in profits.
   - However, the article explicitly mentions that turnover fell by £1m to just over £100m. This contradicts the summary's claim of a rise in turnover.

3. **Conclusion**:
   - The summary claims both turnover and profits rose, but the article clearly states that turnover fell while profits rose. Therefore, the summary is not entirely consistent with the article.

Answer: inconsistent"
46,"Decide if the following summary is consistent with the corresponding article.
      Note that consistency means all information in the summary is supported by the article.
      Explain your reasoning step by step first, and then answer (consistent or inconsistent) at the end:
      <Article>
      The Australia and India squads have had ample time in the past four months to work each other out, ensuring a level of tension for their World Cup semi-final expected to go well beyond the usual for a knockout game. Australia all-rounder James Faulkner won't be surprised if there's some niggle and verbal exchanges, just like he's not surprised that defending champion India shook off their poor form leading into the World Cup to win seven consecutive matches. 'They've spent a fair bit of time in the country, so they've adapted well to the conditions,' Faulkner told a news conference Monday. 'It's no surprise they're up against us in the semi-final, they're a very strong team. Australian cricketer James Faulkner fields a ball off his own bowling at the Bellerive Oval during the World Cup . Australian Faulkner bowls during the 2015 Cricket World Cup match against Scotland at the Bellerive Oval . 'You're going to see two very good teams going up against each other - it should be a very good spectacle.' Australia have won the Cricket World Cup four times and reached the final on two other occasions, but never on home soil. India have two World Cup titles, and became the first team to clinch it at home in 2011 after beating Australia in the quarter-finals, Pakistan in the semi-finals and Sri Lanka in the championship match. Watson bats during the 2015 ICC Cricket World Cup match between Australian and Pakistan at Adelaide Oval . India didn't win a competitive match between the time the squad landed in Australia in November until its opening World Cup game against Pakistan on February 15. In that time, it lost a test series to Australia, and was winless in a limited-overs tri-series against Australia and England. There was some glaring aggression between the teams in the test and ODI series, with players on both sides sanctioned and warned that sledging would not be tolerated at the World Cup. All-rounder Shane Watson was fined last week for his part in an exchange with Pakistan paceman Wahab Riaz . Australian all-rounder Shane Watson was fined last week for his part in an exchange with Pakistan paceman Wahab Riaz during a torrid spell of fast, short-pitch bowling that was easily the highlight of the quarterfinal in Adelaide. Faulkner said that exchange was 'all in great spirit,' and he expected more spirited exchanges with a spot in the final at stake at the Sydney Cricket Ground on Thursday. 'There's going to be words said and it's going to be a really tough contest,' Faulkner said, adding that there's usually some sledging on the field. 'It's the nature of the game, it's a semi-final. Cut throat. Neither team will be backing down.' Watson plays a short pitched ball from Riaz of Pakistan during the  World Cup match at the Adelaide Oval . The India squad practiced at the SCG on Monday but, as have become the usual routine at the World Cup, remained off limits to the media until the eve of the match. The Sydney venue is expected to be packed with traveling India fans who may outnumber Australia supporters and possibly make it seem more like an away game for the locals. 'We were talking about it last night at dinner, the last game we played here it definitely felt like that,' Faulkner said. 'The passion the Indian fans show toward their cricket team is sensational, so we're definitely expecting that.'
      </Article>

      <Summary>
      australia all-rounder james faulkner won't be surprised by india's poor form.
      </Summary>

      Answer:
      ","Let's analyze the summary and the article step by step to determine if they are consistent.

1. **Summary Statement**: ""australia all-rounder james faulkner won't be surprised by india's poor form.""

2. **Article Content**:
   - The article mentions that India had poor form leading into the World Cup (""India didn't win a competitive match between the time the squad landed in Australia in November until its opening World Cup game against Pakistan on February 15."").
   - However, James Faulkner is quoted as saying he is not surprised that India shook off their poor form to win seven consecutive matches (""just like he's not surprised that defending champion India shook off their poor form leading into the World Cup to win seven consecutive matches."").
   - Faulkner's comments are about India's recovery from poor form, not about their poor form itself. He expresses no surprise at their recovery, not at their poor form.

3. **Consistency Check**:
   - The summary claims Faulkner ""won't be surprised by india's poor form,"" but the article actually states he isn't surprised by India's recovery from poor form. These are opposite ideas.
   - The article does not mention Faulkner being unsurprised by India's poor form; it emphasizes his lack of surprise at their strong performance despite earlier struggles.

4. **Conclusion**: The summary misrepresents Faulkner's attitude as described in the article. The article does not support the claim that Faulkner ""won't be surprised by india's poor form.""

Answer: inconsistent."
47,"Decide if the following summary is consistent with the corresponding article.
      Note that consistency means all information in the summary is supported by the article.
      Explain your reasoning step by step first, and then answer (consistent or inconsistent) at the end:
      <Article>
      A dress worn by Vivien Leigh when she played Scarlett O'Hara in the classic 1939 film Gone With the Wind has fetched $137,000 at auction. Heritage Auctions offered the gray jacket and skirt, featuring a black zigzag applique, plus more than 150 other items from the Academy Award-winning film at auction on Saturday in Beverly Hills, California. The dress - a jacket and full skirt ensemble - was worn in several key scenes in the 1939 movie, including when Scarlett O'Hara encounters Rhett Butler, played by Clark Gable, and when she gets attacked in the shanty town. Scroll down for video . An outfit worn in several scenes of the 1939 film Gone With The Wind by Vivien Leigh as she played Scarlett O'Hara sold for $137,000 at auction on Saturday . The dress - a jacket and full skirt ensemble - was worn in several key scenes in the 1939 movie but has suffered a little with age and has faded to light gray from original slate blue-gray color . The outfit has suffered a little with age, however. When Leigh wore it in the movie, it was slate blue-gray but over the years it has faded to light gray. It was one of more than 150 items that were part of the private collection of James Tumblin, formerly in charge of the hair and makeup department at Universal Studios. Tumblin began collecting onscreen costumes, props and behind-the-scenes artifacts from the film in the 1960s, amassing a collection of more than 300,000 pieces of memorabilia. During a visit to the Western Costume Company he spotted the Scarlett O'Hara dress on the floor. He learned that the dress was about to be thrown away and negotiated a deal to buy it for $20. Tumblin has 'devoted his life and efforts to promoting Hollywood and this film, touring his items throughout the United States,' said Kathleen Guzman, managing director of Heritage Auctions. Gone With The Wind, which celebrated its 75th anniversary last year, was based on Margaret Mitchell's 1936 best-selling book about a spoiled Old South socialite, played by Vivien Leigh, and co-starred Clark gable as Rhett Butler . Hattie McDaniel (left), Olivia DeHavilland (middle), and Vivien Leigh: McDaniel famously became the first African-American actor to be nominated for and win an Academy Award . Other top selling items from the auction were a straw hat worn by Leigh that sold for $52,500; the trousers and jacket from a suit worn by Clark Gable as Rhett Butler, selling for $55,000; and a black bonnet worn by both Leigh and Olivia De Havilland as Melanie Wilkes, which fetched $30,000. Gone With The Wind, which celebrated its 75th anniversary last year, was based on Margaret Mitchell's 1936 best-selling book about a spoiled Old South socialite. Actress Hattie McDaniel, who played Scarlett's devoted nanny Mammy, a slave, famously became the first African-American actor to be nominated for and win an Academy Award.
      </Article>

      <Summary>
      dress worn by vivien leigh when she played scarlett o'hara in 1939 film gone with the wind has fetched $ 137,000 at auction . the dress - a jacket and full skirt ensemble - was worn in several key scenes in the 1939 movie , including when scarlett o'hara encounters rhett butler , played by clark gable , and when she gets attacked in the shanty town .
      </Summary>

      Answer:
      ","To determine if the summary is consistent with the article, let's break it down step by step:

1. **Dress worn by Vivien Leigh in ""Gone With the Wind"" sold for $137,000 at auction**:
   - The article states: ""A dress worn by Vivien Leigh when she played Scarlett O'Hara in the classic 1939 film Gone With the Wind has fetched $137,000 at auction."" This matches the summary.

2. **The dress is described as a jacket and full skirt ensemble**:
   - The article mentions: ""The dress - a jacket and full skirt ensemble - was worn in several key scenes in the 1939 movie."" This matches the summary.

3. **The dress was worn in several key scenes, including when Scarlett encounters Rhett Butler and when she gets attacked in the shanty town**:
   - The article states: ""The dress... was worn in several key scenes in the 1939 movie, including when Scarlett O'Hara encounters Rhett Butler, played by Clark Gable, and when she gets attacked in the shanty town."" This matches the summary.

4. **No additional or contradictory information in the summary**:
   - The summary does not include any information that is not supported by the article, nor does it contradict any information in the article.

### Conclusion:
The summary is entirely supported by the article, and there are no inconsistencies. 

Answer: consistent"
48,"Decide if the following summary is consistent with the corresponding article.
      Note that consistency means all information in the summary is supported by the article.
      Explain your reasoning step by step first, and then answer (consistent or inconsistent) at the end:
      <Article>
      The body of the 36-year-old was found in a house in Glenfinnan Road around 15:05 on Wednesday.
Two officers were seen at the property on Friday afternoon. It was cordoned off by police tape and a bunch of flowers lay outside.
Earlier police said a post-mortem examination would be carried out to establish the exact cause of death.
They added: ""A report will be sent to the procurator fiscal.""
      </Article>

      <Summary>
      police have launched an investigation after a man\'s body was found in a house in kilmarnock.
      </Summary>

      Answer:
      ","To determine if the summary is consistent with the article, let's analyze the information step by step:

1. **Location**: The article mentions the body was found in a house on Glenfinnan Road, while the summary states it was in Kilmarnock. The article does not mention Kilmarnock at all, so this is a discrepancy.

2. **Investigation**: The article implies an investigation is ongoing (mentioning a post-mortem and a report to the procurator fiscal), which aligns with the summary's claim that police have launched an investigation. However, the article does not explicitly state ""launched an investigation,"" though it is a reasonable inference.

3. **Victim's details**: The article mentions the deceased was 36 years old but does not specify gender. The summary refers to ""a man's body,"" which is a plausible assumption but not explicitly confirmed in the article.

The key inconsistency is the location (Glenfinnan Road vs. Kilmarnock). Since the summary contains information not supported by the article (Kilmarnock), it is inconsistent.

Answer: inconsistent."
49,"Decide if the following summary is consistent with the corresponding article.
      Note that consistency means all information in the summary is supported by the article.
      Explain your reasoning step by step first, and then answer (consistent or inconsistent) at the end:
      <Article>
      (CNN)The world's seventh-largest economy is heading toward collapse. An economic powerhouse conservatively valued at $24 trillion, one that annually churns out the equivalent of $2.5 trillion, is under assault. However, I am not referring to one of the G8 economies, but to the ""super economy"" of the ocean. It's one that for far too long has been ignored and taken for granted -- and it is going downhill fast. The health and wealth of the ocean are assessed in a WWF report released Thursday, Reviving the Ocean Economy. The report is the result of a hard economic analysis performed by The Boston Consulting Group built on a foundation of the latest ocean science provided by the Global Change Institute of the University of Queensland. True, the enormity of the ocean can complicate any single appraisal. But it is still important to try to understand its value if global leaders are ever going to sustain it for future generations. The fact is that the ocean feeds us, employs us, offers protection and plays a direct role in the lives and livelihoods of people throughout the world. The ocean also provides intangible but essential services to humanity, such as climate regulation and oxygen production, that are difficult to put in monetary terms. And while we all may look at the ocean from different perspectives, no one can escape the fact that it is a shared resource that provides for each and every one of us. A figure that may get lost in the headlines generated by our report is perhaps most telling: Seventy percent of the ocean's overall economic value relies on its continued health. Ocean assets like fisheries, coral reefs, mangroves and seagrasses that produce goods and services rivaling the world's top 10 economies will lose their value if we continue to over-exploit and outright destroy them. That may seem like a far-off possibility to some, but it is a future foretold by the many details in this report. For example, 90 percent of the world's fish stocks are either fully exploited or over-exploited. And that is not all. By 2050 -- only a few decades from now -- it is possible that the ocean could lose its coral reefs, which have already been halved in the last few decades. This isn't just a concern for dive enthusiasts, but to the hundreds of millions of people that rely on ocean resources for their daily meals and their weekly paychecks. The ocean is truly too big to fail. The loss of the ocean's critical habitats and species would have a devastating ripple effect on global food security and economies that no government bailout could salvage. Fortunately, our report identifies actions that would revive the ocean economy, three of which are critical this year. First, the international community must rally around a set of sustainable development goals that clearly reflect the link between the environment -- including the ocean -- and human well-being. Also, negotiators meeting in Paris later this year must agree on an ambitious global climate deal that sets us on the path to avert the worst impacts of climate change. And finally, leaders must commit to conserving increasing amounts of coastal and marine areas over the course of the next 15 years. The economic case for why the ocean is so critical to livelihoods around the world is clear, and we will not be able to plead ignorance if we collectively preside over the collapse of the ocean economy. Reviving the Ocean Economy is dedicated to helping us avoid that outcome, but it will require political vision and courage among policymakers. All this said, and as terrifying as it is that the deterioration of the ocean's health has been its fastest in millions of years, there is actually some (potential) good news: If we act swiftly and with determination, marine resources can recover -- and recover quickly. Many local examples -- from the Mediterranean to the Mozambique Channel, from the Fiji archipelago to the Arctic -- show us that conservation, restoration and sustainable-use approaches mean the ocean, and the people who depend on it, can both prosper. Ultimately, the ocean bridges continents, connects cultures and offers equal opportunity inspiration and we should therefore work together in support of this vital shared resource. But if we are to have any chance of avoiding the point of no return, we must find ways of reaching genuine global commitments on sustainable development and climate. After all, it's far better to avoid an economic collapse than be forced to scramble to pick up the pieces.
      </Article>

      <Summary>
      the health and wealth of the ocean are assessed in a wwf report.
      </Summary>

      Answer:
      ","To determine if the summary is consistent with the article, let's analyze the information step by step:

1. **Summary Statement**: ""the health and wealth of the ocean are assessed in a wwf report.""
   - The summary claims that the health and wealth of the ocean are evaluated in a WWF report.

2. **Article Verification**:
   - The article explicitly states: ""The health and wealth of the ocean are assessed in a WWF report released Thursday, Reviving the Ocean Economy.""
   - This directly confirms that the WWF report assesses the health and wealth of the ocean, matching the summary's claim.

3. **Additional Context in the Article**:
   - While the article provides much more detail about the report's findings, the urgency of the ocean's decline, and potential solutions, the summary only captures the basic fact that the WWF report assesses the ocean's health and wealth. This is a narrow but accurate representation of one part of the article.

4. **Consistency Check**:
   - The summary does not introduce any information that contradicts the article.
   - The summary's statement is explicitly supported by the article.

**Conclusion**: The summary is consistent with the article.  
Answer: consistent."
50,"Decide if the following summary is consistent with the corresponding article.
      Note that consistency means all information in the summary is supported by the article.
      Explain your reasoning step by step first, and then answer (consistent or inconsistent) at the end:
      <Article>
      Waterloo, Iowa (CNN)Martin O'Malley and Jim Webb share little in common. Both Democrats are toying with a presidential run, both are facing long odds in that endeavor, and both shared a stage at the Polk County Democrats Awards Dinner in Des Moines, Iowa, on Friday night. But, as was evident at the dinner, that is where the similarities end. O'Malley is a former mayor and Maryland governor who seems most at home when he is pressing the flesh at events and introducing himself to anyone who would extend their hand. Webb, on the contrary, is a decorated Vietnam War veteran and former senator from Virginia who comes across as more stoic and, at times, uncomfortable with retail politics. Before the event, O'Malley confidently cruised the union hall. He took selfies with young environmental activists and chatted with sometimes tepid supporters who admitted their other political allegiances. ""It is a marathon, not a sprint,"" one man told O'Malley, a nod to his long odds in the 2016 Democratic nomination process. ""Yes, it is; it's a marathon,"" O'Malley responded. ""Welcome to Iowa,"" said another man. ""We hope to see you here more."" O'Malley smiled, ""Thanks a lot. I hope you do, too."" Webb wasn't nearly as active, opting instead to stay close to his seat near the front of the venue and chat with a small group of people around him. As Webb cut into his sizable helping of pork, O'Malley was standing directly behind him, shaking hands. The former Virginia senator, after possibly seeing O'Malley making the rounds, did stand up and shake hands with a few of the diehard Democratic activists in the room. ""Seven months old,"" Zach Smith, a new father, said of his baby boy, Noah. ""I have a bunch of kids. The youngest one is 8 years old,"" Webb said. The baby looked up at the senator. ""He is pretty calm,"" Webb remarked, himself calm. Despite coming from bordering states, Webb and O'Malley don't know each other. When they passed each other in a Des Moines hotel lobby on Friday morning, it was the first time the two had met. That said, the two Democrats find themselves in the same position. Hillary Clinton, the former secretary of state who is set to announce her presidential bid Sunday, leads every national and state poll of the Democratic field. She has begun to build a sizable staff and is expected to have massive amounts of money to win the nomination. O'Malley and Webb are both looking up at her. In a March CNN/ORC poll (PDF) of national Democrats, only 1% said O'Malley and Webb were their top choice. In a January poll from Bloomberg Politics and the Des Moines Register (PDF), O'Malley was at 1% among Iowa Democrats, while Webb found himself at 3%. The speaking portion of the night further showed Webb and O'Malley's differences. Webb, who spoke before the governor, gave a more subdued, biographical speech that mentioned three areas he would focus on if he ran for president: Basic governance, economic justice and criminal justice reform. To the approval of the audience, Webb promised to come back to Iowa regularly. ""I am committing to you right now,"" he said, ""we are going to go over the whole state."" And the biggest applause came near the end of his speech, when he urged his party to get back to talking about issues. ""Money is ruining our political process,"" Webb said to a chorus of applause and ""hear hear."" O'Malley, on the other hand, gave a speech littered with intentional applause lines. At points, the governor would deliberately stop to allow for the silence to be filled with clapping hands. ""When the American Dream is denied, our lives shrink, our hopes fade, and our days unfold not in the light of possibility but in the darkness of fear,"" O'Malley said, delivering the same stump speech he usually gives. ""To make the dream true again, we must fight for better wages for all workers, so that Americans can support their families on what they earn."" As the event wound down, Webb and O'Malley stuck around to shake more hands and meet people. O'Malley, who spent the previous day in Iowa, left Friday night for New York. Webb, who is in the midst of a four-day trip to Iowa, stayed in Des Moines and headlined a veterans event on Saturday morning in Waterloo. Webb regularly speaks about his service and appeared more at home at the event. He told war stories with young and old veterans and spoke at length about how the government could be doing more for veterans. He also touted his work on passing the 21st Century G.I. Bill of Rights, a 2008 act that expanded education benefits for veterans, and stressed that more needed to be done. ""You want the next greatest generation, give them the same opportunity the the greatest generation had,"" Webb said to applause. ""If you really want to thank them, hire a vet."" After the event, Webb shook hands with people veterans who told stories about dropped benefits and problems with the Department of Veterans Affairs. He occasionally smiled and thanked people for coming on a sunny Saturday morning. Asked whether he enjoys the retail politics that is crucial in early voting states like Iowa and New Hampshire, Webb smiled. Skepticism of retail politics is not new for Webb. As a one-term Democratic senator, Webb was rumored to loathe the burdens that came with campaigning, namely fundraising and retail politics. This time, he put on a rosy view. ""This is the good part of it, ""Webb said, with a laugh. ""Talking to the media, that is not always the good part.""
      </Article>

      <Summary>
      o'malley is a former mayor and maryland governor who seems most at home when he is pressing the flesh at events and introducing himself to anyone who would extend their hand.
      </Summary>

      Answer:
      ","Let's analyze the summary and the article step by step to determine if the summary is consistent with the article.

1. **Summary Statement**: ""o'malley is a former mayor and maryland governor who seems most at home when he is pressing the flesh at events and introducing himself to anyone who would extend their hand.""

2. **Article Verification**:
   - The article states: ""O'Malley is a former mayor and Maryland governor who seems most at home when he is pressing the flesh at events and introducing himself to anyone who would extend their hand."" This is a direct match to the summary.
   - The article also provides additional context supporting this characterization, such as O'Malley confidently cruising the union hall, taking selfies with young environmental activists, and chatting with supporters.

3. **Consistency Check**:
   - The summary accurately reflects the information in the article. There are no discrepancies or unsupported claims in the summary.

4. **Conclusion**: The summary is consistent with the article.

Answer: consistent"
51,"Decide if the following summary is consistent with the corresponding article.
      Note that consistency means all information in the summary is supported by the article.
      Explain your reasoning step by step first, and then answer (consistent or inconsistent) at the end:
      <Article>
      A predatory convicted paedophile with an obsession with young girls has gone on the run after vanishing from a psychiatric unit. Stephen Munden, 54, described as having a 'fanatical obsession' with small girls after he targeted a toddler on a bus, has been missing since 6.15pm on Tuesday and was last seen leaving a hospital, near Hook, Hampshire. Now officers have launched a manhunt to find Munden  - who was detained under the Mental Health Act after sexually touching the three-year-old girl. A predatory convicted paedophile with an obsession with young girls has gone on the run after vanishing from a psychiatric unit. Stephen Munden, 54, (pictured with and without a beard) was last seen leaving a hospital, near Hook, Hampshire . He is described as about 5ft 8ins tall, of a heavy build, and has dark hair. Officers said they believed that Munden, who suffers from learning difficulties, may have shaved off his beard before leaving the hospital in Winchfield and have released images of him with both facial hair and a clean shave. He was detained at the private facility under a hospital order following his sentence last August for sexual offences. Munden was convicted of sexually touching a child under the age of 13. A court heard he deliberately sat near a three-year-old girl and stroked her hand with his finger - in full view of the child's mother and grandmother. Munden, formerly of Marchwood, near Southampton, denied the offence, claiming it was accidental when he appeared at Southampton Crown Court. During the sentencing David Jenkins, prosecuting, told Judge Peter Henry that the defendant had admitted ten unrelated offences of possessing or attempting to possess indecent images of children. The court heard he had been arrested after using one of the public computers at Hythe library in an attempt to download images. Mr Jenkins said children's clothes, books and dolls were found at Munden's home and added: 'He has a fanatical obsession with young girls.' A court heard he deliberately sat near a three-year-old girl and stroked her hand with his finger - in full view of the child's mother and grandmother. Munden, formerly of Marchwood, near Southampton, denied the offence, claiming it was accidental when he appeared at Southampton Crown Court . Consultant physiatrist John O'Shea said the defendant was autistic and also suffered from mild learning difficulties. He added that Munden had difficulty controlling his sexual interest in small children but the girl on the bus was probably unaware of his intentions. Keely Harvey, in mitigation, said: 'He did not accept that he deliberately touched the child's hand.' But the judge said 'the move from non-contact offences to a contact offence is significant' and he was made the subject of a hospital order. Detective Chief Inspector Tim Rowlandson said: 'We are extremely keen to hear from anyone who has seen this man since yesterday evening or knows where he might be. 'Mr Munden is subject to a hospital order after being convicted and sentenced for sexual offences and also suffers from learning difficulties, so we need to know where he is as a matter of urgency.'
      </Article>

      <Summary>
      stephen munden , 54 , described as having a ` obsession ' with small girls after he targeted a toddler on a bus . he has been missing since 6.15 pm on tuesday . he was last seen leaving a hospital , near hook , hampshire . police have launched a manhunt to find munden - who has been detained under mental health act . munden was convicted of sexually touching child under the age of 13 . a paedophile with a young girls has gone on the run after vanishing from a psychiatric unit .
      </Summary>

      Answer:
      ","To determine if the summary is consistent with the article, let's analyze each piece of information in the summary and check if it is supported by the article:

1. **""stephen munden , 54 , described as having a ` obsession ' with small girls after he targeted a toddler on a bus""**  
   - The article states that Stephen Munden, 54, is described as having a ""fanatical obsession"" with young girls and targeted a 3-year-old girl on a bus.  
   - **Supported**.

2. **""he has been missing since 6.15 pm on tuesday""**  
   - The article mentions he has been missing since 6:15 pm on Tuesday.  
   - **Supported**.

3. **""he was last seen leaving a hospital , near hook , hampshire""**  
   - The article confirms he was last seen leaving a hospital near Hook, Hampshire.  
   - **Supported**.

4. **""police have launched a manhunt to find munden - who has been detained under mental health act""**  
   - The article states officers launched a manhunt and that Munden was detained under the Mental Health Act.  
   - **Supported**.

5. **""munden was convicted of sexually touching child under the age of 13""**  
   - The article confirms he was convicted of sexually touching a child under 13 (the 3-year-old girl on the bus).  
   - **Supported**.

6. **""a paedophile with a young girls has gone on the run after vanishing from a psychiatric unit""**  
   - The article describes him as a predatory paedophile who vanished from a psychiatric unit and is on the run.  
   - **Supported**.

### Minor Notes:
- The summary uses ""obsession"" without the word ""fanatical,"" but the meaning is preserved.  
- The phrase ""a paedophile with a young girls"" is grammatically incorrect (likely a typo), but the intent aligns with the article's description of his obsession with young girls.

### Conclusion:
All information in the summary is supported by the article, even if some wording is slightly paraphrased or abbreviated. There are no inconsistencies.

**Answer: consistent**"
52,"Decide if the following summary is consistent with the corresponding article.
      Note that consistency means all information in the summary is supported by the article.
      Explain your reasoning step by step first, and then answer (consistent or inconsistent) at the end:
      <Article>
      Angus Carpenter, of Liverpool, who has played in the city centre for more than 30 years, denied three counts of fraud.
The 62-year-old was found guilty of one count when he played with a Hillsborough Justice Campaign banner draped on his bagpipes in April 2015.
He was cleared of the two other counts by a jury at Liverpool Crown Court.
Sgt Chris Gaynor told the court during the two day trial that Carpenter, from Woolton, gave the impression he was collecting cash for the Hillsborough Justice Campaign.
In his defence, Carpenter - who usually wears a kilt and piper's regalia when he performs - said he had piped for the charity in the past but on this occasion he was simply busking.
Kenneth Derbyshire, chairman of the Hillsborough Justice Campaign, said he had given Carpenter permission to design and display a banner featuring the eternal flame and the word justice.
But he said he had made it clear he was not use it to collect funds for the charity.
Carpenter told the court the banner was a tribute to the victims, not an attempt to deceive anyone.
He also told the court he was a familiar face on match days at Anfield and known as a busker to the Hillsborough Justice Campaign.
He will be sentenced in January.
      </Article>

      <Summary>
      a bagpipe-playing busker has been convicted of duping people in liverpool into thinking he was collecting for a hillsborough charity.
      </Summary>

      Answer:
      ","Let's analyze the summary step by step to see if it is consistent with the article:

1. **Bagpipe-playing busker**: The article mentions that Angus Carpenter is a busker who plays the bagpipes and usually wears a kilt and piper's regalia. This matches the description in the summary.

2. **Convicted of duping people**: The article states that Carpenter was found guilty of one count of fraud, where he gave the impression he was collecting cash for the Hillsborough Justice Campaign. This aligns with the summary's claim that he was convicted of duping people.

3. **Into thinking he was collecting for a Hillsborough charity**: The article explains that Sgt Chris Gaynor testified that Carpenter gave the impression he was collecting for the Hillsborough Justice Campaign, and Carpenter himself admitted to displaying a banner associated with the charity. This supports the summary's claim.

4. **In Liverpool**: The article mentions that Carpenter is from Liverpool and played in the city centre, which matches the location mentioned in the summary.

All the key points in the summary are supported by the article. There are no discrepancies or unsupported claims.

Answer: consistent"
53,"Decide if the following summary is consistent with the corresponding article.
      Note that consistency means all information in the summary is supported by the article.
      Explain your reasoning step by step first, and then answer (consistent or inconsistent) at the end:
      <Article>
      Rival clubs claim QPR, facing Football League fines of up to £50million for multiple breaches of financial fair play regulations, are making an outrageous attempt to get their man on the inside of the discussions. Football League board member Jim Rodwell’s departure from Notts County to become chief executive of Scunthorpe has created the need for an election for a League One representative as Rodwell cannot automatically keep his place. League One clubs have been informed that there are two nominations for the vacant seat — Rodwell and former Manchester United director Maurice Watkins, now chairman of Barnsley. Tony Fernandes, owner of QPR, wants to avoid fines of up to £50million for Financial Fair Play breaches Maurice Watkins is a sports lawyer whose firm represents QPR over their considerable FFP troubles QPR are 19th in the Premier League, four points away from escaping the relegation zone Watkins is a sports lawyer and his firm Brabners are representing QPR over their considerable FFP troubles. Clubs believe that having Watkins on the Football League board, where FFP is the hot topic, would be helpful for QPR and a massive conflict of interests. However, the highly-respected Watkins, who has a number of sporting directorships including British Swimming and Lancashire County Cricket Club, dismissed the conspiracy theory as ‘wholly ludicrous’. Raheem Sterling’s stand-off with Liverpool over a new contract is not just to do with him. It will suit Sterling’s representative Aidy Ward, who split with Rob Segal’s Impact Sports Management to set up on his own earlier this season, if any new deal is delayed until his parting from Segal has been finalised. Aidy Ward (left) is Raheem Sterling's agent and is a key player in his contract negotiations with Liverpool Raheem Sterling (left) pictured with Liverpool manager Brendan Rodgers (right) at Liverpool training The five former England managers who signed the letter supporting Greg Dyke’s homegrown players’ campaign had nothing to do with writing the missive. It was the work of the FA’s support agency on the issue, Milltown Partners. Certainly, Sven Goran Eriksson and Kevin Keegan  did nothing for the homegrown situation when club managers — Keegan even shut down Newcastle reserves. Greg Dyke, the Football Association chairman, wants to more homegrown players playing in England Kevin Keegan's name is one of five former England managers to sign a letter supporting Dyke's idea However, Milltown are at least helping the FA fight the PR battle toe-to-toe against the all-powerful Premier League, who ironically have used Milltown for crisis management advice in the past. England cricket head coach Peter Moores’ considerable good fortune at surviving such a World Cup humiliation extends to the ECB board meeting reviewing that debacle being next Thursday. By then Moores will be preparing for the first Test against West Indies starting four days later. England cricket head coach Peter Moores (right) will soon begin a review into England's World Cup failure Moores (left) oversaw England's humiliating group stage exit from the Cricket World Cup If the postmortem had occurred earlier it is difficult to see how Moores could still be in charge. The breakdown in the relationship between the FA and England Supporters Travel Club led to the offensive chants during England’s 1-1 draw with Italy in Turin on Tuesday. The tasteless repertoire of songs ran from ‘F*** the IRA’, to ‘F*** the Taliban’ to ‘F*** the English FA’ — the last one due to the huge discontent over the decision to switch double loyalty caps from away trips to home games at Wembley. Those with most caps get priority when buying tickets for big games. The Football Supporters Federation, despite putting out a statement yesterday reaffirming its opposition to abusive chanting, believe it is inevitable that the songs — and the World War Two favourites — will be sung when England play the Republic of Ireland in Dublin on June 7. There were offensive chants made by England fans during the game against Italy in Turin on Tuesday - there is no suggestion the fans pictured were involved England's next international is against Ireland and takes place in Dublin on June 7 The FSF are in no mood to work with the FA because of the caps dispute and claim that, having taken legal advice, anti-IRA and WW2 songs are not law-breaking and that the FA showed no interest when the FSF first tackled England fans singing offensive songs in 2005. The FA regard loyalty caps and abusive chanting as two separate issues. Staging Rugby World Cup games at Leicester City’s King Power Stadium rather than the sport’s Welford Road stronghold continues to be a problem for organisers. The loyal Leicester rugby public want little to do with their football neighbours, whose three group fixtures are a long way from being sold out. Radio 5 Live’s loveable football commentator Alan Green was not happy at being asked to pay city tax on checking out of Turin’s Hotel Carlina after the England game. Green was overheard at reception moaning it was BBC’s responsibility to settle the bill and not his. But Green eventually had to cough up…all of seven euros. Alan Green (left) was allegedly upset at being asked to pay city tax leaving Turin after England played
      </Article>

      <Summary>
      rival clubs claim qpr are making an outrageous attempt to get their man on the inside of the discussions . jim rodwell 's departure from notts county to become chief executive of scunthorpe has created the need for an election for a league one representative . league one clubs have been informed that there are two nominations for the vacant seat -- rodwell and former manchester united director maurice watkins . watkins is a sports lawyer and his firm brabners are representing qpr over their considerable ffp troubles .
      </Summary>

      Answer:
      ","Let's analyze the summary step by step to see if it's consistent with the article.

1. **Rival clubs claim QPR are making an outrageous attempt to get their man on the inside of the discussions**:  
   The article states: ""Rival clubs claim QPR, facing Football League fines of up to £50million for multiple breaches of financial fair play regulations, are making an outrageous attempt to get their man on the inside of the discussions.""  
   This matches the summary.

2. **Jim Rodwell's departure from Notts County to become chief executive of Scunthorpe has created the need for an election for a League One representative**:  
   The article states: ""Football League board member Jim Rodwell’s departure from Notts County to become chief executive of Scunthorpe has created the need for an election for a League One representative as Rodwell cannot automatically keep his place.""  
   This matches the summary.

3. **League One clubs have been informed that there are two nominations for the vacant seat -- Rodwell and former Manchester United director Maurice Watkins**:  
   The article states: ""League One clubs have been informed that there are two nominations for the vacant seat — Rodwell and former Manchester United director Maurice Watkins, now chairman of Barnsley.""  
   This matches the summary.

4. **Watkins is a sports lawyer and his firm Brabners are representing QPR over their considerable FFP troubles**:  
   The article states: ""Watkins is a sports lawyer and his firm Brabners are representing QPR over their considerable FFP troubles.""  
   This matches the summary.

All the information in the summary is directly supported by the article. There are no inconsistencies or unsupported claims.

Answer: consistent"
54,"Decide if the following summary is consistent with the corresponding article.
      Note that consistency means all information in the summary is supported by the article.
      Explain your reasoning step by step first, and then answer (consistent or inconsistent) at the end:
      <Article>
      Having a Waitrose within walking distance is not only convenient – it also means your house is worth more, according to a study. Homes with the upmarket store nearby cost 12 per cent more – or £38,831 – than those in surrounding areas that weren’t near a branch. But having a budget store such as an Aldi or Lidl on your doorstep means your house could be worth thousands of pounds less than others in your neighbourhood. Homes with a Waitrose nearby cost 12 per cent more – or £38,831 – than those in surrounding areas that weren’t near a branch. But having a budget shop nearby means your house could sell for less In a study published today, Lloyds Bank investigated average house prices in postal districts that have chain supermarkets nearby, to see how they compared to the wider postal region. Houses in areas with a Waitrose cost an average of £354,378 – which was £38,831 (12 per cent) more than typical prices for their regions. Sainsbury’s also delivered a big boost to residents, as properties near the store were worth 10 per cent more (£24,506) than ones in the surrounding area that weren’t near a branch. The price of having a supermarket on your doorstep: Waitrose scores highest - and Aldi the lowest Tesco came in next, with a price premium of 8 per cent (£17,125), followed by Marks & Spencer, on 7 per cent (£18,786). But the presence of an Aldi nearby was associated with house prices that were 3 per cent (£5,910) lower compared to the wider postal region. And houses close to a Lidl cost 2 per cent (£4,719) less. 'It was mainly the views that attracted us to the property' Meanwhile houses near several different stores enjoyed the highest price premiums. Researchers found that homes in Clifton, Bristol – which enjoy access to a Waitrose, a Sainsbury’s and a Co-op – cost £392,961 on average. This is 64 per cent (£153,488) more than in nearby areas. And homes in Didsbury, a suburb in Manchester that boasts an Aldi, a Co-op and a Tesco, typically cost £239,595, which is 61 per cent or £91,096 more than houses in the surrounding area. Waitrose has carefully cultivated its upmarket image, proving popular with middle and high income families. But the research raises the question of whether a neighbourhood already had more expensive homes – encouraging the store to build a branch near its target customers – or if it was the store’s presence that boosted the area. Similarly, Aldi and Lidl, who have become popular as budget rivals to the big chains, have managed to keep prices low by locating branches in areas that were already cheaper, such as on the edge of towns.
      </Article>

      <Summary>
      homes with a waitrose nearby cost 12 per cent more - or # 38,831 -- than those in surrounding areas that were n't near a branch . having a budget store such as an aldi or lidl on your doorstep means your house could be worth thousands of pounds less than others in your neighbourhood . lloyds bank investigated average house prices in postal districts that have chain supermarkets nearby , to see how they compared to the wider postal region .
      </Summary>

      Answer:
      ","Let's analyze the summary step by step to see if it is consistent with the article.

1. **Homes with a Waitrose nearby cost 12 per cent more - or £38,831 -- than those in surrounding areas that weren't near a branch.**
   - The article states: ""Homes with a Waitrose nearby cost 12 per cent more – or £38,831 – than those in surrounding areas that weren’t near a branch."" This matches exactly.

2. **Having a budget store such as an Aldi or Lidl on your doorstep means your house could be worth thousands of pounds less than others in your neighbourhood.**
   - The article states: ""But having a budget store such as an Aldi or Lidl on your doorstep means your house could be worth thousands of pounds less than others in your neighbourhood."" This is also a direct match.

3. **Lloyds Bank investigated average house prices in postal districts that have chain supermarkets nearby, to see how they compared to the wider postal region.**
   - The article states: ""In a study published today, Lloyds Bank investigated average house prices in postal districts that have chain supermarkets nearby, to see how they compared to the wider postal region."" This is consistent with the article.

The summary accurately captures the key points of the article without introducing any unsupported information. All statements in the summary are directly supported by the article.

Answer: consistent"
55,"Decide if the following summary is consistent with the corresponding article.
      Note that consistency means all information in the summary is supported by the article.
      Explain your reasoning step by step first, and then answer (consistent or inconsistent) at the end:
      <Article>
      Share this withEmailFacebookMessengerMessengerTwitterPinterestWhatsAppLinkedInCopy this linkAfter weeks of speculation about whether the Governor of the Bank of England would extend his time as its head in reaction to the referendum result, Mark Carney surprised many people in the City and in government by announcing a decision that few had considered.Although many officials at the Bank believed that Mark Carney had two options before him - stay until 2021 or leave as originally intended in 2018 - the governor proffered a third.Extend, yes, but for just one more year.Superficially, it appeared to be a rather awkward fudge.Did Mr Carney feel under political pressure not to extend until 2021 despite wanting to?Was he so disillusioned by the gloomy economic predictions for the UK that he would rather not stick around to see the full effects of the Brexit vote?Or was there another issue weighing on his mind: how his family would feel about another three years in the UK with a father who is regularly away at some global summit or other one weekend in every two?The third, it appears, was the clincher.When Mr Carney took office in 2013, the notion that Britain would be beginning the difficult process of negotiating its way out of the European Union three years later (a process described by the former head of the World Trade Organisation, Pascal Lamy, as something akin to ""taking an egg out of omelette""), was a remote one.But that all changed on 23 June.Beyond trying to stabilise the economy, it also created a personal issue for the Governor.If he left in 2018 as originally agreed, it would be right in the middle of Britain's exit negotiations.Should he, therefore, extend his term to the full eight years that governors would usually be expected to serve?That might provide a greater level of certainty for jittery markets.And the Governor certainly understood the challenge of the job had changed, telling those close to him that an extension was an option and he ""wanted to serve"" - discussions which led to predictions in the media he would serve the full eight years.But, a number of weeks ago in far more private discussions, he started talking about a ""third way"" - the short extension.The reasons were personal and unique.In 2018, one of Mr Carney's four daughters will be finishing her A-levels, and another will be completing her GCSEs.Like everyone, I have personal circumstances that I have to manage. This is a role that requires total attention and devotion. I intend to give that for as long as I can.For his family, this was the perfect moment to return home to Canada and its much lauded education system.He hinted at how important that was in evidence to the economic affairs committee of the House of Lords last week.""To be absolutely clear, it is an entirely personal decision,"" he said about whether he would extend his stay.""No one should read anything into that decision as regards government policy - actual, imagined, potential, past. It is an absolute privilege for me to have this role. I fully recognise that.""Like everyone, I have personal circumstances that I have to manage. This is a role that requires total attention and devotion. I intend to give that for as long as I can. Those are the only factors.""Those around Mr Carney dismiss any notion of ""tension"" with the Prime Minister, who was certainly keen for the Governor to extend his period in office to 2021. However, Theresa May was clear that it was up to Mr Carney to make the decision.Neither did criticism from those who believe the Bank's pre-referendum economic forecasts were too gloomy about the effects of a Brexit vote get under his skin, they add.Professionally, Mr Carney was clear that it would difficult to leave in the teeth of the Brexit negotiations.But, with his family leaving in 2018 as originally planned, he only felt able to extend his time in the UK by one year.By then the Article 50 process of decoupling Britain from the EU should be complete. It will then be for a new Governor to plot Britain's economic future.
      </Article>

      <Summary>
      mark carney has been re-elected governor of the bank of england.
      </Summary>

      Answer:
      ","Let's analyze the summary in relation to the article step by step:

1. The summary states: ""mark carney has been re-elected governor of the bank of england.""

2. The article discusses Mark Carney's decision to extend his term as Governor of the Bank of England, but it does not mention anything about him being ""re-elected."" The process described in the article is about extending his current term, not about an election or re-election process.

3. The article explains that Carney chose to extend his term by one year (until 2019) rather than leaving in 2018 or extending until 2021. This was a personal decision based on family considerations, not the result of an election.

4. The term ""re-elected"" implies an electoral process, which is not mentioned or suggested anywhere in the article. The position of Governor of the Bank of England is typically an appointed position, not an elected one.

5. The summary's use of ""re-elected"" introduces information that is not supported by the article, making it inconsistent.

Therefore, the summary is inconsistent with the article because it introduces the concept of ""re-election"" which is not present or supported by the article's content.

Answer: inconsistent"
56,"Decide if the following summary is consistent with the corresponding article.
      Note that consistency means all information in the summary is supported by the article.
      Explain your reasoning step by step first, and then answer (consistent or inconsistent) at the end:
      <Article>
      Wales' crunch Euro 2016 qualifier with Belgium this summer has been declared a 33,000 sell-out. The top two sides in Group B meet at the Cardiff City Stadium on June 12 with Wales in their best position to qualify for a major tournament since the 1958 World Cup finals in Sweden. Belgium and Wales both have 11 points from five games with Marc Wilmots' side - ranked fourth in the world - on top spot because of a superior goal difference. Wales'  Euro 2016 qualifier with Belgium this summer has been declared a 33,000 sell-out . Gareth Bale fires homes a brilliant free-kick during Wales' 3-0 victory over Israel in Euro 2016 qualifying . Real Madrid star Bale celebrates as the victory took Wales to the top of the Group B table on goal difference . But Wales' comprehensive 3-0 victory in Israel last weekend has seen expectations rise that Chris Coleman's charges can claim one of the two automatic qualifying spots and make it all the way to the 2016 finals in France. 'The stunning performance in Israel has created a huge buzz around Chris Coleman's team and the FAW has been inundated with orders for tickets,' the Football Association of Wales said in a statement on its website. 'Due to overwhelming demand, general admission tickets for the European qualifiers match between Wales and Belgium at the Cardiff City Stadium have now sold out.' It is understood the Wales squad prefer to play at the Cardiff City Stadium rather than the Millennium Stadium . There had been speculation that Wales would play Belgium at the 74,500 capacity Millennium Stadium with so much interest in the match. But that was never going to happen as UEFA rules prevent the venue being changed within 120 days of the scheduled date. It is understood Gareth Bale and company would prefer playing at the more intimate Cardiff City Stadium rather than the Millennium Stadium, where they have not played since meeting England in a Euro 2012 qualifier in March 2011.
      </Article>

      <Summary>
      Wales' Euro 2016 qualifier with Belgium this summer has been declared a 33,000 sell-out Wales' players celebrate after beating Israel 3-0 in Euro 2016 qualifying Wales' players celebrate after beating Israel 3-0 in Euro 2016 qualifying Wales' players celebrate after beating Israel 3-0 in Euro 2016 qualifying Wales' players celebrate after beating Israel 3-0 in Euro 2016 qualifying Wales' players celebrate after beating Israel 3-0
      </Summary>

      Answer:
      ","Let's analyze the summary step by step to see if it is consistent with the article:

1. **""Wales' Euro 2016 qualifier with Belgium this summer has been declared a 33,000 sell-out""**  
   - This is directly supported by the article, which states: ""Wales' Euro 2016 qualifier with Belgium this summer has been declared a 33,000 sell-out.""

2. **""Wales' players celebrate after beating Israel 3-0 in Euro 2016 qualifying""** (repeated multiple times)  
   - The article mentions Wales' 3-0 victory over Israel and includes a description of Gareth Bale celebrating: ""Gareth Bale fires home a brilliant free-kick during Wales' 3-0 victory over Israel in Euro 2016 qualifying. Real Madrid star Bale celebrates as the victory took Wales to the top of the Group B table on goal difference.""  
   - While the article does not explicitly state ""Wales' players celebrate,"" it is reasonable to infer that players celebrated after such a significant victory. However, the summary repeats this point excessively, which is not reflective of the article's content. The repetition does not add new information but is not technically inconsistent.

### Consistency Check:
- The summary does not contain any information that contradicts the article. However, the repeated line about celebrating is redundant and not directly quoted from the article, but it is not inconsistent.

### Final Answer:  
**consistent**"
57,"Decide if the following summary is consistent with the corresponding article.
      Note that consistency means all information in the summary is supported by the article.
      Explain your reasoning step by step first, and then answer (consistent or inconsistent) at the end:
      <Article>
      Biologists studied a group of Sydney octopuses off Australia's east coast and observed a range of behaviour that may indicate complex social signalling.
Octopuses that stand tall, turn dark and spread their web in a ""Nosferatu pose"" are likely showing aggression.
Conversely, octopuses may display a pale colour after losing a fight or when trying to avoid conflict.
It was previously believed that octopuses were largely solitary creatures. Changes to body colour and other behaviour were interpreted as tactics to avoid predators.
But Prof Peter Godfrey-Smith said the unique study, based on 53 hours of footage and published on Friday in the journal Current Biology, provided a novel perspective on octopus behaviour.
""[An aggressive] octopus will turn very dark, stand in a way that accentuates its size and it will often seek to stand on a higher spot,"" Prof Godfrey-Smith, who co-authored the report, said.
""Clearly the unusual stance is not a physiological response. It makes it look as big as it can possibly be, with its arms spread out below and the mantle, the back part of the animal, raised over the head.
""The dark colour is produced in concert with those size-accentuating behaviours. There's no particular physiological reason why darkness should be associated with aggression, but it does give the impression of a larger object.""
The researchers, based in Australia and the US, dubbed the stance the ""Nosferatu pose"", referring to the classic 1920s horror film, because the spread of the octopus's web was reminiscent of a vampire's cape.
Octopuses frequently turned pale while retreating from aggressors and also produced high-contrast patterns known as deimatic displays.
The contrasting patterns were most frequently observed when octopuses were attempting to return to their den after they had been forced out, or in the presence of an aggressive individual.
""Suppose there's a large, aggressive guy there and you want to get back into our den, if you approach with a pale colour it could be interpreted as a non-confrontational behaviour,"" Prof Godfrey-Smith said.
The study also found that two octopuses displaying dark colours were likely to fight if in close proximity, while a darker-coloured octopus was likely to stand its ground against a lighter-coloured octopus.
Another cephalopod, the cuttlefish, shows a similar set of features, with aggressive males darkening their faces and paler males withdrawing from fights.
The unusually high number of octopuses living together in the colony off Jervis Bay, south of Sydney, allowed a more in-depth observation of interactions than had previously been possible.
Prof Godfrey-Smith's co-author David Scheel and his students combed through 53 hours of footage and observed 186 interactions between the octopuses.
This included the Nosferatu pose, along with reaching, grappling and mating.
Watching these long videos was ""much more exhausting than I expected"", Prof Godfrey Smith said.
""Identifying an individual from minute to minute is very difficult, because they change colour and shape.
""If the octopus wanders out of the frame, there's not much you can do.""
      </Article>

      <Summary>
      a new study suggests that some of the world\'s most provocative colour colour can be used to harass the octopus.
      </Summary>

      Answer:
      ","To determine if the summary is consistent with the article, let's analyze the information step by step:

1. **Summary Claim**: The summary states that ""a new study suggests that some of the world's most provocative colour can be used to harass the octopus.""

2. **Article Content**: The article discusses a study on octopus behavior, specifically how color changes and body postures (like the ""Nosferatu pose"") are used for social signaling, such as aggression or avoidance of conflict. Key points include:
   - Dark colors and certain postures indicate aggression.
   - Pale colors are associated with retreat or avoidance.
   - These behaviors are not about harassment but about social interactions (e.g., fighting, avoiding fights, or signaling non-confrontation).

3. **Consistency Check**:
   - The summary mentions ""provocative colour,"" which could loosely relate to the color changes described in the article. However, the article does not describe these colors as ""provocative"" or imply they are used to ""harass"" the octopus. Instead, the colors are part of the octopus's natural social signaling.
   - The term ""harass"" is not mentioned or implied in the article. The study focuses on aggression, retreat, and social interactions, not harassment.
   - The summary misrepresents the purpose of the color changes and the findings of the study.

4. **Conclusion**: The summary is not consistent with the article because it introduces the idea of ""harassment,"" which is not supported by the article, and mischaracterizes the purpose of the color changes.

Answer: inconsistent."
58,"Decide if the following summary is consistent with the corresponding article.
      Note that consistency means all information in the summary is supported by the article.
      Explain your reasoning step by step first, and then answer (consistent or inconsistent) at the end:
      <Article>
      a police corruption trial in philadelphia is far from over , but already one trial witness has been handed a losing verdict .
witness robert kushner lost his varsity coaching job at a private academy after testifying this week about his years selling marijuana .
kushner , 32 , is one of more than a dozen former drug dealers testifying for the federal government about allegations of police wrongdoing .
witness robert kushner lost his varsity coaching job at the jack m. barrack hebrew academy after testifying this week about his years selling marijuana
he told jurors tuesday that some of the undercover officers on trial had stolen $ 81,000 in cash and 7 pounds of marijuana from him during a 2007 arrest .
that history came as news to officials at jack m. barrack hebrew academy in suburban bryn mawr .
kushner had passed a background check when he was hired to coach basketball in 2010 , head of school sharon levin told the philadelphia inquirer .
kushner testified that the 2007 charges were expunged as part of a probationary sentence .
on cross-examination , he acknowledged that he was arrested again in 2011 and sentenced to four years of probation .
he also pleaded guilty to driving under the influence in 2008 .
this undated photo combination provided by the philadelphia police department shows from top left to right , philadelphia police officers thomas liciardello , brian reynolds , michael spicer , and from bottom left to right , perry betts , linwood norman and john speiser , all of whom were arrested and charged in the 26-count indictment include racketeering conspiracy , extortion , robbery , kidnapping and drug dealing
kushner told the newspaper that he never meant to deceive the school , where he worked as a seasonal employee .
and he believes he is innocent of the 2011 charges .
` all of the stuff that happened in 2007 , that was eight years ago and was a bad phase of my life that i 've moved past and never really looked back , ' kushner said wednesday .
"" i 'm very sorry , and i want the best for the kids . ""
he also coaches in a narberth summer league , where director dan kazanicka described him as an excellent coach who is good with kids .
lawyers for the six former drug squad officers accused of racketeering have said the government case is based on 19 lying drug dealers and a rogue ex-cop .
      </Article>

      <Summary>
      witness robert kushner lost his varsity coaching job at a private academy after testifying this week about his years selling marijuana . 
 kushner , 32 , is one of more than a dozen former drug dealers testifying for the federal government about allegations of police wrongdoing . 
 kushner had passed a background check when he was hired to coach basketball in 2010 .
      </Summary>

      Answer:
      ","Let's analyze the summary step by step to check for consistency with the article.

1. **First sentence**: ""witness robert kushner lost his varsity coaching job at a private academy after testifying this week about his years selling marijuana.""
   - The article states: ""witness robert kushner lost his varsity coaching job at the jack m. barrack hebrew academy after testifying this week about his years selling marijuana.""
   - The summary replaces ""the jack m. barrack hebrew academy"" with ""a private academy,"" which is consistent because it is a private academy, and the specific name isn't necessary for the summary's accuracy.

2. **Second sentence**: ""kushner , 32 , is one of more than a dozen former drug dealers testifying for the federal government about allegations of police wrongdoing.""
   - The article states: ""kushner , 32 , is one of more than a dozen former drug dealers testifying for the federal government about allegations of police wrongdoing.""
   - This is a direct match and consistent.

3. **Third sentence**: ""kushner had passed a background check when he was hired to coach basketball in 2010.""
   - The article states: ""kushner had passed a background check when he was hired to coach basketball in 2010 , head of school sharon levin told the philadelphia inquirer.""
   - This is also a direct match and consistent.

All information in the summary is supported by the article, and no contradictory or unsupported claims are made. The summary is a condensed but accurate representation of the article's key points.

Answer: consistent"
59,"Decide if the following summary is consistent with the corresponding article.
      Note that consistency means all information in the summary is supported by the article.
      Explain your reasoning step by step first, and then answer (consistent or inconsistent) at the end:
      <Article>
      A woman who suffered seven miscarriages has spoken of her distress after a family friend stole the money set aside for her babies' grave stone. The bereaved mother, named Dawn, was appearing on The Jeremy Kyle show and accused long-term chum, convicted burglar Jamie, of making off with the cash. When one of Mr Kyle's famous lie detector tests revealed that Jamie, who lives with Dawn and her partner who is also called Jamie, had done the deed, she burst into tears and stormed off. Scroll down for video . Devastated: Dawn, who has had seven miscarriages, was furious to discover her friend had stolen from her . The drama began when Dawn, who has previously appeared on the ITV talk show, discovered that £207 set aside for a £500 grave stone had disappeared. Suspecting house-mate Jamie and his girlfriend Carol, she confronted them but was initially met with a flat denial. 'Only him and Carol knew where it was,' she said during an angry confrontation on the ITV show. 'Me and Jamie had been saving up and only Carol knew where it was.' Unable to prove it, she asked Mr Kyle to conduct a lie detector test and when the results came back, it showed that Jamie had indeed taken the cash. Caught out: Jamie, who has been to prison for burglary, was found to be lying after taking a test . Outraged: Dawn, who was going to spend the money on a gravestone, was left furious by the revelation . Mr Kyle also revealed that Jamie had sent a Facebook message to Dawn during the journey to London in which he declared his undying love and confessed to taking the money but blamed it on girlfriend Carol. Speaking after the show, a sobbing Dawn said:  'I've had seven miscarriages and only one of them I've had to bury. 'That was Daniel James and the £207 was put aside because the head stone was going to cost £500 altogether. 'We had to stand there and say goodbye to Daniel James and the last thing I wanted to do for Daniel James was put a head stone on him so he knew how much his mummy and daddy loved him. I feel betrayed, horrible. You try and do a good gesture to people and then you get it thrown in your face.' Tears: She then burst into tears and rushed off the stage - pursued by the Jeremy Kyle cameras . Sobbing: She was comforted by her partner, also called Jamie, after the show .
      </Article>

      <Summary>
      dawn , who has seven miscarriages , was furious to discover her friend had stolen from her . one of mr kyle 's famous lie detector tests revealed that jamie , who lives with dawn and her partner who is also called jamie , had done the deed , she burst into tears and stormed off . suspecting house-mate jamie and his girlfriend carol , she confronted them but was initially met with a flat denial .
      </Summary>

      Answer:
      ","Let's analyze the summary step by step to see if it is consistent with the article.

1. **Dawn's miscarriages and fury**: The summary states that Dawn, who has had seven miscarriages, was furious to discover her friend had stolen from her. This is supported by the article, which mentions: ""Devastated: Dawn, who has had seven miscarriages, was furious to discover her friend had stolen from her.""

2. **Lie detector test and Jamie's involvement**: The summary mentions that a lie detector test revealed Jamie had stolen the money, and Dawn burst into tears and stormed off. This is supported by the article: ""When one of Mr Kyle's famous lie detector tests revealed that Jamie, who lives with Dawn and her partner who is also called Jamie, had done the deed, she burst into tears and stormed off.""

3. **Confrontation with Jamie and Carol**: The summary states that Dawn suspected Jamie and his girlfriend Carol, confronted them, and was initially met with a flat denial. This is supported by the article: ""Suspecting house-mate Jamie and his girlfriend Carol, she confronted them but was initially met with a flat denial.""

All the information in the summary is directly supported by the article. There are no discrepancies or unsupported claims.

Answer: consistent"
60,"Decide if the following summary is consistent with the corresponding article.
      Note that consistency means all information in the summary is supported by the article.
      Explain your reasoning step by step first, and then answer (consistent or inconsistent) at the end:
      <Article>
      An HIV-positive Ohio man accused of sexually assaulting three girls has pleaded not guilty to 19 counts in court, where a prosecutor said one of them, a 12 year old, is pregnant. Keith Anthony Allen, 27, of Columbus pleaded not guilty Monday to charges including rape, felonious assault and gross sexual imposition. He remains jailed with no bond, and court records listed no attorney for him. Allen is accused of raping two 12-year-old girls since September and fondling a third girl. Remanded: Keith Anthony Allen, 27, of Columbus pleaded not guilty Monday to charges including rape, felonious assault and gross sexual imposition. He is accused of raping two 12-year-old girls  and fondling a third girl The assault charges allege he raped the girls while knowing he was HIV-positive and had consensual sex with a woman without telling her he has the virus that causes AIDS. Prosecutors say Allen could face a life sentence if he is convicted of having sex with a child under 13. The case marks the first time that the Franklin County prosecutor’s office has charged an adult with molesting children while knowing that he carries the virus that causes AIDS. 'I was outraged when I saw that police report,' Franklin County Prosecutor Ron O’Brien told The Columbus Dispatch. O’Brien said Allen had access to the two 12-year-old girls because his girlfriend is related to one of the children and the other sometimes spent the night with them. The assaults took place between September 1 and March 22, according to the indictment. Allen has been in the Franklin County jail since his arrest on March 25. His bail was set at $1 million. O'Brien says he is unaware of the health status of the victims in this case, whether or not any of them contracted HIV through Allen.
      </Article>

      <Summary>
      keith anthony allen , 27 , pleaded not guilty to charges including rape , felonious assault and gross sexual preference . he is accused of raping two 12-year-old girls and fondling a third girl . allen has been in the franklin county jail since his arrest on march 25 .
      </Summary>

      Answer:
      ","Let's analyze the summary step by step to see if it is consistent with the article:

1. **Keith Anthony Allen, 27, pleaded not guilty to charges including rape, felonious assault, and gross sexual preference.**
   - The article states that Keith Anthony Allen, 27, pleaded not guilty to charges including rape, felonious assault, and gross sexual imposition. The summary incorrectly says ""gross sexual preference"" instead of ""gross sexual imposition."" This is a discrepancy.

2. **He is accused of raping two 12-year-old girls and fondling a third girl.**
   - The article confirms that Allen is accused of raping two 12-year-old girls and fondling a third girl. This part is consistent.

3. **Allen has been in the Franklin County jail since his arrest on March 25.**
   - The article states that Allen has been in the Franklin County jail since his arrest on March 25. This part is consistent.

The summary contains one error: ""gross sexual preference"" instead of ""gross sexual imposition."" Since consistency requires that all information in the summary is supported by the article, this error makes the summary inconsistent.

Answer: inconsistent"
61,"Decide if the following summary is consistent with the corresponding article.
      Note that consistency means all information in the summary is supported by the article.
      Explain your reasoning step by step first, and then answer (consistent or inconsistent) at the end:
      <Article>
      Hull city councillor Steven Bayes also pleaded not guilty to possessing an extreme pornographic image when he appeared at the city's crown court.
The 55-year-old was suspended from the Labour Party in October after it ""became aware of a police investigation into him"", a party spokesman said.
He was released on unconditional bail and is due to stand trial on 5 February 2018 at the same court.
Mr Bayes was first elected as a councillor in 1985.
He was involved in Hull's bid to secure the UK City of Culture title and is a former vice chair of the Hull 2017 company, which is organising arts activities and events for the year-long celebration.
      </Article>

      <Summary>
      a former councillor has appeared in court charged with possessing indecent images of children.
      </Summary>

      Answer:
      ","Let's analyze the summary and the article step by step to determine if they are consistent:

1. **Defendant's Status**: The summary refers to the defendant as a ""former councillor,"" while the article states that Steven Bayes is currently a councillor (he was first elected in 1985 and there is no mention of him no longer holding the position). This is inconsistent.

2. **Nature of the Charge**: The summary mentions the charge as ""possessing indecent images of children,"" but the article specifies the charge as ""possessing an extreme pornographic image."" These are different charges, so this is inconsistent.

3. **Court Appearance**: Both the summary and the article mention that the defendant appeared in court, which is consistent. However, this alone does not make the overall summary consistent because the other key details are incorrect.

4. **Other Details**: The summary omits other details from the article (e.g., suspension from the Labour Party, bail, trial date, involvement in Hull's City of Culture bid), but this does not make it inconsistent because summaries can be selective. The inconsistency arises from the incorrect information in the summary.

### Final Answer: inconsistent"
62,"Decide if the following summary is consistent with the corresponding article.
      Note that consistency means all information in the summary is supported by the article.
      Explain your reasoning step by step first, and then answer (consistent or inconsistent) at the end:
      <Article>
      (CNN)Recently, Robert Kennedy Jr. was in Sacramento, California, to campaign against Senate Bill 227, which makes it harder for parents to opt out of vaccinations. In his remarks at an anti-vaccination movie screening, he decided to compare ""vaccine-induced"" autism to the Holocaust. He said, ""They get the shot, that night they have a fever of a hundred and three, they go to sleep, and three months later their brain is gone,"" Kennedy said. ""This is a holocaust, what this is doing to our country."" A few days later, he apologized to people who were outraged on behalf of the memory of the Holocaust. To many, it's sacrilege to compare any lesser issue to the horrors perpetrated by the Nazis. In a statement, Kennedy said, ""I want to apologize to all whom I offended by my use of the word to describe the autism epidemic. I employed the term during an impromptu speech as I struggled to find an expression to convey the catastrophic tragedy of autism, which has now destroyed the lives of over 20 million children and shattered their families."" Robert Kennedy Jr. has apologized for the wrong things. First and foremost, vaccines do not cause autism. The two have nothing to do with each other. Second, he seems to think people with autism are ""gone,"" their lives ""destroyed"" and their families ""shattered."" Autism is not a death sentence. People with autism are not missing or destroyed. They are everywhere, trying to live their lives in a society that too often demeans them as subhuman, missing or worthless. Kennedy's rhetoric is a problem, even beyond the fraudulent basis for his claims about vaccines. People who believe autism is an environmental disease try to cure kids with quack treatments like giving them bleach-based enemas. Others, believing autism functions as a death sentence, even kill their children. I am worried about the effect of having such a powerful, high-profile member of our political class endorse this demeaning depiction of life with autism. I reached out to a number of autistic activists for comment. Ari Ne'eman, president of the Autistic Self-Advocacy Network, wrote, ""Robert Kennedy Jr, who has engaged with autism only to spread lies, misinformation and dehumanizing rhetoric, has never meaningfully engaged in efforts to improve the lives of autistic Americans. While his father, uncle and many others in the Kennedy-Shriver family championed the rights of people with disabilities, he has instead cast his lot with those who use pseudo-science to question our humanity."" These are harsh words, but try to see the situation through Ne'eman's eyes. Not only is Kennedy perpetuating a discredited theory, but he's also suggesting that it's better to let your children get preventable and sometimes fatal diseases than risk becoming autistic. The usual response to people like Ne'eman is that he is ""high functioning,"" but what of the burden to families who are struggling to care for less able individuals? Henry Frost, an autistic teenager and writer, is devastated by this focus on burden. Last year, he wrote a post to other autistic children: ""Know you are not a burden or trouble for being. You are a person who has every right to be. A family that is saying love but saying you are so hard so wrong for not being as they wanted. The family is wrong. Not You."" Meanwhile, Amy Sequenzia, an autistic activist and blogger, wrote, ""I am very disabled, have most of the usual not autism but co-occurring conditions, seizures almost every day, but am happy, proud and accomplished, with the human supports I have. That's what is missing. Acceptance."" As children, Sequenzia and Frost might well have been just the kinds of people labeled as ""gone,"" by Kennedy. Clearly, both are very much present. The solution lies in understanding autism and related conditions as part of human diversity. Michael S. Monje Jr., an autistic writer and editor with Autonomous Press, wrote, ""The neurodiversity movement is a direct counter to this kind of attitude. It is a way for autistic people, as well as anyone else who experiences the world differently due to their neurology, to assert that these natural divergences in human development are just that -- natural. The fact that they are largely unsupported by our society as it is currently configured does not make them in any way less natural, less worthy, or less beautiful than other ways of being in the world."" I wish Kennedy realized how much his apology demeaned people with intellectual disabilities, even as he defended the sacred status of the Holocaust. There is, though, one story from the Holocaust that he might do well to consider. The first group the Nazis systematically exterminated, in the infamous Action T4, were people with intellectual and other kinds of disabilities.  Thousands of children, adolescents and adults were sent to gas chambers, laying the groundwork for the later, larger scale acts of genocide. Underlying Action T4 was the belief that people with disabilities were devoid of value. We fight those beliefs by celebrating neurodiversity, not by fearmongering. Kennedy owes a lot of people another apology.
      </Article>

      <Summary>
      robert kennedy jr. was in sacramento, california, to campaign against senate bill 227.
      </Summary>

      Answer:
      ","To determine if the summary is consistent with the article, let's analyze the information step by step:

1. **Summary Statement**: ""robert kennedy jr. was in sacramento, california, to campaign against senate bill 227.""

2. **Article Verification**: 
   - The article states: ""Recently, Robert Kennedy Jr. was in Sacramento, California, to campaign against Senate Bill 227, which makes it harder for parents to opt out of vaccinations.""
   - This directly confirms that Robert Kennedy Jr. was in Sacramento to campaign against Senate Bill 227.

3. **Consistency Check**: 
   - The summary only includes the fact that Robert Kennedy Jr. was in Sacramento to campaign against Senate Bill 227. This is explicitly stated in the article.
   - The summary does not include any additional claims or information that might contradict or go beyond the article.

4. **Conclusion**: The summary is entirely supported by the article, as it accurately reflects a specific fact mentioned in the article without adding or misrepresenting any information.

Answer: consistent"
63,"Decide if the following summary is consistent with the corresponding article.
      Note that consistency means all information in the summary is supported by the article.
      Explain your reasoning step by step first, and then answer (consistent or inconsistent) at the end:
      <Article>
      A fugitive Iraqi militant leader and the former right-hand man of Saddam Hussein has reportedly been killed in a skirmish. Iraqi officials said Izzat Ibrahim al-Douri had died in fighting with government troops in Salahuddin province, north of Baghdad. Al-Douri, 72, headed the Naqshbandi Order insurgent group, an important faction behind the recent rise of ISIS. Scroll down for video Al-Douri was an Iraqi military commander and was Vice Chairman of the Iraqi Revolutionary Command Council, until the 2003 US-led invasion of Iraq Al-Douri was the King of Clubs in the famous pack of cards the US issued of wanted members of Saddam's regime after its collapse He was one of Saddam's most trusted henchmen, helping to lead his 1968 bloodless coup. Both Al-Douri and Saddam came from the same Tikriti tribal background. He was then deputy to Saddam when he was deposed following the invasion of Iraq in 2003. Following the execution of Saddam Hussein on 30 December, 2006, Al-Douri was confirmed as the new leader of the banned Ba'ath Party. Al-Douri was deemed the most high-profile official of Saddam's Ba'ath Party to evade capture after the invasion. He was ranked sixth on the US military's list of the 55 most-wanted Iraqis after offensive to overthrow Saddam and had a $10m bounty on his head. He was the King of Clubs in the infamous pack of cards the US issued of wanted members of Saddam's regime after its collapse. His dead body was pictured on social media today with his teeth missing, an unkempt orange beard and a bloody head wound. Salahuddin governor Raed al-Jabouri said soldiers and allied Shia militiamen killed him in an operation east of Tikrit - a city that was recaptured by the government two weeks ago. He said: 'This is a major victory for those involved in the operation. He is considered a mastermind for this terrorist group. 'For sure this will have an impact on them...there will be a break among them.' ISIS currently controls a swath of land slightly larger than the UK, from Aleppo to central Iraq. However, in recent months Iraqi forces, supported by US-led air strikes, have captured large areas from the terrorist group. But today, a car bomb killed three people outside the U.S. consulate in Erbil, the capital of Iraq's Kurdistan region that is allied with Washington in a war against Islamic State, which claimed the attack. No U.S. personnel were hurt in the blast, according to the State Department which said a 'vehicle-borne improvised explosive device' exploded right outside the entrance to the heavily fortified compound. Islamic State also claimed responsibility for two car bombings in Baghdad that killed at least 27 people on Friday. 'The fighters of the Islamic State detonated two car bombs in the heart of the Iraqi capital this evening and a third in Erbil,' the group said via its news agency. Such attacks are relatively rare in Kurdistan, which has managed to insulate itself from the worst of the violence afflicting the rest of Iraq. A car bomb killed three people outside the U.S. consulate in Erbil, the capital of Iraq's Kurdistan region, today Kurdish security forces respond to an explosion at the pedestrian entrance to the U.S. Consulate complex In the invasion of Iraq by a US-led coalition, the military developed a set of playing cards to help troops identify the most-wanted members of Saddam's regime. This was mostly high-ranking members of the Iraqi Regional Branch of the Arab Socialist Ba'ath Party or members of the Revolutionary Command Council. The cards were officially named the 'personality identification playing cards'. Each card contained the wanted person's address and, if available, the job they carried out. The highest-ranking cards, starting with the aces and kings, were used for the people at the top of the most-wanted list. Al-Douri was the King of Clubs in the pack of cards.
      </Article>

      <Summary>
      iraqi officials said izzat ibrahim al-douri had died in fighting with government troops in salahuddin province , north of baghdad . al-douri , 72 , headed the naqshbandi order insurgent group , an important faction behind the recent rise of isis . al-douri was ranked sixth on the us military 's list of the 55 most-wanted iraqis after offensive to overthrow saddam and had a $ 10m bounty on his head .
      </Summary>

      Answer:
      ","Let's analyze the summary step by step to see if it is consistent with the article:

1. **""Iraqi officials said Izzat Ibrahim al-Douri had died in fighting with government troops in Salahuddin province, north of Baghdad.""**  
   - The article states: ""Iraqi officials said Izzat Ibrahim al-Douri had died in fighting with government troops in Salahuddin province, north of Baghdad.""  
   - This matches exactly. **Consistent.**

2. **""Al-Douri, 72, headed the Naqshbandi Order insurgent group, an important faction behind the recent rise of ISIS.""**  
   - The article states: ""Al-Douri, 72, headed the Naqshbandi Order insurgent group, an important faction behind the recent rise of ISIS.""  
   - This matches exactly. **Consistent.**

3. **""Al-Douri was ranked sixth on the US military's list of the 55 most-wanted Iraqis after offensive to overthrow Saddam and had a $10m bounty on his head.""**  
   - The article states: ""He was ranked sixth on the US military's list of the 55 most-wanted Iraqis after offensive to overthrow Saddam and had a $10m bounty on his head.""  
   - This matches exactly. **Consistent.**

All the information in the summary is directly supported by the article, with no discrepancies or unsupported claims.

**Final Answer: consistent**"
64,"Decide if the following summary is consistent with the corresponding article.
      Note that consistency means all information in the summary is supported by the article.
      Explain your reasoning step by step first, and then answer (consistent or inconsistent) at the end:
      <Article>
      Larry Upright hated Hillary so much she made it into his obituary . A North Carolina man's obituary asked two things of friends and family: instead of sending flowers for the funeral, give the money to charity. And don't vote for Hillary Rodham Clinton in 2016. The family of 81-year-old Larry Upright added the political message to the obituary announcing the Kannapolis man's death and burial this week. Upright's daughter, Jill McLain, said the rock-ribbed Republican was passionate about politics. She says that recollection prompted his family to ask obituary readers to reject Clinton's presidential bid, not necessarily to spark controversy. 'We did it solely to do something nice and honorable for our dad,' Jill McLain told WSOC-TV. Mike Upright said his deceased father voiced his opinions regularly. 'We did this for him,' Mike Upright said. 'We know he's up there giggling right now. Just laughing out loud.' The obituary also describes Upright as an active member of local Masonic and Shriners organizations and a country club. He retired after a career in the building automation industry. For their dad: 'We did it solely to do something nice and honorable for our dad,' said his daughter Jill McLain . Meanwhile, a group of Nevada sex workers have come out in favor of the Democratic contender. The group, calling themselves Hookers For Hillary, all work at Dennis Hof's infamous Moonlite Bunny Ranch in Carson City. The legal brothel, which was the subject of HBO's Cathouse series, has drafted a four-point platform explaining their endorsement. 'The Bunny Ranch entertains customers from all around the globe, and the girls have great respect for any woman who can take powerful men from oppressive cultures and make them bend to her will.'
      </Article>

      <Summary>
      larry upright's daughter, jill mclain, said the rock-ribbed republican was passionate about politics. she says his family to ask obituary readers to reject clinton's presidential bid. the group of nevada sex workers have come out in favor of the democratic contender.
      </Summary>

      Answer:
      ","Let's analyze the summary step by step to determine if it is consistent with the article.

1. **Larry Upright's daughter, Jill McLain, said the rock-ribbed Republican was passionate about politics.**
   - The article states: ""Upright's daughter, Jill McLain, said the rock-ribbed Republican was passionate about politics."" This matches the summary exactly. 

2. **She says his family to ask obituary readers to reject Clinton's presidential bid.**
   - The article states: ""She says that recollection prompted his family to ask obituary readers to reject Clinton's presidential bid..."" This is also accurately reflected in the summary.

3. **The group of Nevada sex workers have come out in favor of the Democratic contender.**
   - The article mentions: ""Meanwhile, a group of Nevada sex workers have come out in favor of the Democratic contender."" This is consistent with the summary.

All three statements in the summary are directly supported by the article. There are no discrepancies or unsupported claims.

Answer: consistent"
65,"Decide if the following summary is consistent with the corresponding article.
      Note that consistency means all information in the summary is supported by the article.
      Explain your reasoning step by step first, and then answer (consistent or inconsistent) at the end:
      <Article>
      (CNN)This time, it's official: Russia expects North Korean leader Kim Jong Un to visit Moscow next month for World War II anniversary celebrations. North Korean representatives have confirmed that Kim will be in the Russian capital for May 9 Victory Day celebrations, Russian presidential aide Yuri Ushakov said Wednesday, according to Russian state-run news agency Tass. This would mark Kim's first official foreign trip since inheriting the leadership of North Korea in late 2011. Kim will meet with Russian President Vladimir Putin as part of the May visit, Tass reported. Kim's trip has been anticipated since late December, when Russian state media reported that Moscow had extended an invitation to Pyongyang. Last month, a Russian official speaking on condition of anonymity told CNN that the invitation was accepted. But Wednesday's Tass report is the first public  confirmation attached to a named official. This year's Victory Day marks the 70th anniversary of the Soviet Union's victory over Nazi Germany in World War II. Russia has said it has invited more than 60 world leaders to the celebrations. Kim expected to visit Moscow as North Korea, Russia foster warmer relations . CNN's Madison Park and Alla Eshchenko contributed to this report.
      </Article>

      <Summary>
      russia has said it has invited more than 60 world leaders to the celebrations.
      </Summary>

      Answer:
      ","To determine if the summary is consistent with the article, let's analyze the information step by step:

1. The summary states: ""Russia has said it has invited more than 60 world leaders to the celebrations.""
2. In the article, we find the exact same sentence: ""Russia has said it has invited more than 60 world leaders to the celebrations.""
3. The context in the article is about the 70th anniversary of the Soviet Union's victory over Nazi Germany in World War II, and the summary correctly reflects this information without adding or omitting any details.

Since the summary's information is directly supported by the article and there are no discrepancies, the summary is consistent with the article.

Answer: consistent"
66,"Decide if the following summary is consistent with the corresponding article.
      Note that consistency means all information in the summary is supported by the article.
      Explain your reasoning step by step first, and then answer (consistent or inconsistent) at the end:
      <Article>
      Paul Merson has restarted his row with Andros Townsend after the Tottenham midfielder was brought on with only seven minutes remaining in his team's 0-0 draw with Burnley on Sunday. 'Just been watching the game, did you miss the coach? #RubberDub #7minutes,' Merson put on Twitter. Merson initially angered Townsend for writing in his Sky Sports column that 'if Andros Townsend can get in (the England team) then it opens it up to anybody.' Paul Merson had another dig at Andros Townsend after his appearance for Tottenham against Burnley . Townsend was brought on in the 83rd minute for Tottenham as they drew 0-0 against Burnley . Andros Townsend scores England's equaliser in their 1-1 friendly draw with Italy in Turin on Tuesday night . The former Arsenal man was proven wrong when Townsend hit a stunning equaliser for England against Italy and he duly admitted his mistake. 'It's not as though I was watching hoping he wouldn't score for England, I'm genuinely pleased for him and fair play to him – it was a great goal,' Merson said. 'It's just a matter of opinion, and my opinion was that he got pulled off after half an hour at Manchester United in front of Roy Hodgson, so he shouldn't have been in the squad. 'When I'm wrong, I hold my hands up. I don't have a problem with doing that - I'll always be the first to admit when I'm wrong.' Townsend hit back at Merson on Twitter after scoring for England against Italy . Sky Sports pundit  Merson (centre) criticised Townsend's call-up to the England squad last week . Townsend hit back at Merson after netting for England in Turin on Wednesday, saying 'Not bad for a player that should be 'nowhere near the squad' ay @PaulMerse?' Any bad feeling between the pair seemed to have passed but Merson was unable to resist having another dig at Townsend after Tottenham drew at Turf Moor.
      </Article>

      <Summary>
      paul merson was brought on with only seven minutes remaining in his team 's 0-0 draw with burnley . andros townsend scored the tottenham midfielder in the 89th minute . paul merson had another dig at andros townsend after his appearance . the midfielder had been brought on to the england squad last week . click here for all the latest arsenal news news .
      </Summary>

      Answer:
      ","Let's analyze the summary step by step to see if it's consistent with the article.

1. ""paul merson was brought on with only seven minutes remaining in his team 's 0-0 draw with burnley.""
   - The article states that Andros Townsend was brought on with seven minutes remaining, not Paul Merson. This is incorrect.

2. ""andros townsend scored the tottenham midfielder in the 89th minute.""
   - The article mentions Townsend scoring for England against Italy, not for Tottenham in the 89th minute. This is incorrect.

3. ""paul merson had another dig at andros townsend after his appearance.""
   - This is correct as the article mentions Merson having another dig at Townsend after his appearance for Tottenham against Burnley.

4. ""the midfielder had been brought on to the england squad last week.""
   - The article mentions Townsend being called up to the England squad, so this is correct.

5. ""click here for all the latest arsenal news news.""
   - This is not mentioned in the article and seems to be extraneous information.

Conclusion: The summary contains several pieces of information that are not supported by the article (points 1, 2, and 5), making it inconsistent.

Answer: inconsistent"
67,"Decide if the following summary is consistent with the corresponding article.
      Note that consistency means all information in the summary is supported by the article.
      Explain your reasoning step by step first, and then answer (consistent or inconsistent) at the end:
      <Article>
      It comes in a shake-up of UK military buildings and resettling of regiments.
Brecon and Radnorshire Conservative MP Chris Davies condemned the closure, saying there had been a barracks in Brecon since 1805, home to troops who fought the Zulus at Rorke's Drift.
""This decision is abhorrent and I shall be fighting it every step of the way,"" he said.
""The government has a great deal of questions to answer over why it is proposing to close a well-loved and historic barracks in a vitally important military town.
""Brecon Barracks has served our country with distinction over its long history, with soldiers from the site fighting in every conflict since the early 19th century.
""This decision shows a blatant lack of respect for that history.""
Mr Davies said he was launching a petition against the decision, saying the Brecon area had some of the highest unemployment levels in Wales.
He also hoped the closure would not damage the town's ""thriving"" military tourism industry.
Brecon barracks has about 85 civilian staff and 90 military but it is not thought jobs are at risk.
Mr Davies said he understood the nearby Sennybridge training ground and infantry school at Dering Lines would not be affected.
Defence Secretary Sir Michael Fallon told the Commons on Monday the reorganisation in Wales would see a specialist light infantry centre created at St Athan, Vale of Glamorgan.
Cawdor Barracks, Pembrokeshire - whose closure was previously announced in 2013 - will now shut in 2024, while a storage depot at Sennybridge will go in 2025.
Responding for Labour, Shadow Defence Secretary Nia Griffith, MP for Llanelli, said the ministry was ""right to restructure its estate"".
But she warned closing bases would affect the livelihoods of many people who would face ""gnawing uncertainty"" over their future.
      </Article>

      <Summary>
      lord brecon will step down as defence secretary, the defence secretary has announced.
      </Summary>

      Answer:
      ","Let's analyze the summary and the article step by step to determine if they are consistent.

1. **Summary Claim**: The summary states that ""lord brecon will step down as defence secretary, the defence secretary has announced.""

2. **Article Content**:
   - The article discusses the closure of Brecon Barracks and the reactions from various individuals, including Conservative MP Chris Davies and Defence Secretary Sir Michael Fallon.
   - There is no mention of anyone named ""lord brecon"" in the article.
   - There is no mention of any defence secretary stepping down or announcing their resignation.
   - The Defence Secretary mentioned in the article is Sir Michael Fallon, who is discussing the reorganisation of military buildings in Wales, not resigning.

3. **Consistency Check**:
   - The summary introduces a claim about ""lord brecon"" stepping down as defence secretary, which is not mentioned or supported by any information in the article.
   - The article does not discuss any resignations or personnel changes in the defence secretary position.

Since the summary contains information that is not present in the article, it is not consistent.

Answer: inconsistent."
68,"Decide if the following summary is consistent with the corresponding article.
      Note that consistency means all information in the summary is supported by the article.
      Explain your reasoning step by step first, and then answer (consistent or inconsistent) at the end:
      <Article>
      Biologists studied a group of Sydney octopuses off Australia's east coast and observed a range of behaviour that may indicate complex social signalling.
Octopuses that stand tall, turn dark and spread their web in a ""Nosferatu pose"" are likely showing aggression.
Conversely, octopuses may display a pale colour after losing a fight or when trying to avoid conflict.
It was previously believed that octopuses were largely solitary creatures. Changes to body colour and other behaviour were interpreted as tactics to avoid predators.
But Prof Peter Godfrey-Smith said the unique study, based on 53 hours of footage and published on Friday in the journal Current Biology, provided a novel perspective on octopus behaviour.
""[An aggressive] octopus will turn very dark, stand in a way that accentuates its size and it will often seek to stand on a higher spot,"" Prof Godfrey-Smith, who co-authored the report, said.
""Clearly the unusual stance is not a physiological response. It makes it look as big as it can possibly be, with its arms spread out below and the mantle, the back part of the animal, raised over the head.
""The dark colour is produced in concert with those size-accentuating behaviours. There's no particular physiological reason why darkness should be associated with aggression, but it does give the impression of a larger object.""
The researchers, based in Australia and the US, dubbed the stance the ""Nosferatu pose"", referring to the classic 1920s horror film, because the spread of the octopus's web was reminiscent of a vampire's cape.
Octopuses frequently turned pale while retreating from aggressors and also produced high-contrast patterns known as deimatic displays.
The contrasting patterns were most frequently observed when octopuses were attempting to return to their den after they had been forced out, or in the presence of an aggressive individual.
""Suppose there's a large, aggressive guy there and you want to get back into our den, if you approach with a pale colour it could be interpreted as a non-confrontational behaviour,"" Prof Godfrey-Smith said.
The study also found that two octopuses displaying dark colours were likely to fight if in close proximity, while a darker-coloured octopus was likely to stand its ground against a lighter-coloured octopus.
Another cephalopod, the cuttlefish, shows a similar set of features, with aggressive males darkening their faces and paler males withdrawing from fights.
The unusually high number of octopuses living together in the colony off Jervis Bay, south of Sydney, allowed a more in-depth observation of interactions than had previously been possible.
Prof Godfrey-Smith's co-author David Scheel and his students combed through 53 hours of footage and observed 186 interactions between the octopuses.
This included the Nosferatu pose, along with reaching, grappling and mating.
Watching these long videos was ""much more exhausting than I expected"", Prof Godfrey Smith said.
""Identifying an individual from minute to minute is very difficult, because they change colour and shape.
""If the octopus wanders out of the frame, there's not much you can do.""
      </Article>

      <Summary>
      octopuses may have to change the colour of octopuses, a study suggests.
      </Summary>

      Answer:
      ","To determine if the summary is consistent with the article, let's analyze the information step by step:

1. **Summary Claim**: The summary states that ""octopuses may have to change the colour of octopuses, a study suggests."" This implies that the study suggests octopuses change their color for some reason, but the phrasing is awkward and unclear.

2. **Article Content**: The article discusses how octopuses change their color and posture as part of social signaling, such as showing aggression (dark color, ""Nosferatu pose"") or avoiding conflict (pale color). It also mentions that these behaviors were previously thought to be for predator avoidance but are now interpreted as social signals. The study is based on 53 hours of footage and published in *Current Biology*.

3. **Consistency Check**:
   - The article does confirm that octopuses change color, as mentioned in the summary.
   - However, the summary's phrasing (""may have to change the colour of octopuses"") is grammatically incorrect and misleading. It seems to suggest that octopuses are forced to change the color of other octopuses, which is not supported by the article. The article discusses octopuses changing their own color as a form of communication or behavior, not changing the color of other octopuses.
   - The summary also omits the context and details provided in the article (e.g., the reasons for color change, the ""Nosferatu pose,"" the social signaling aspect).

4. **Conclusion**: While the summary captures a very general idea from the article (that octopuses change color), it is poorly phrased and misleading. The article does not support the idea that octopuses change the color of other octopuses, nor does it present the findings in the vague way the summary does. Therefore, the summary is not fully consistent with the article.

Answer: inconsistent"
69,"Decide if the following summary is consistent with the corresponding article.
      Note that consistency means all information in the summary is supported by the article.
      Explain your reasoning step by step first, and then answer (consistent or inconsistent) at the end:
      <Article>
      Chelmsford Prison told residents there had recently been ""numerous incidents"" of packages being hurled over the wall.
One former inmate said the jail was ""notorious"" for being ""flooded"" with mobile phones and synthetic cannabis.
The Ministry of Justice said staff worked ""extremely hard"" to stop contraband from getting into prisons.
""However more must be done, which is why the Justice Secretary has asked us to look at how we can ensure prisons have the tools in place to tackle this kind of problem,"" the spokeswoman added.
Follow updates on this story and other news from Essex
A woman who lives near the prison, who did not want to be named, said she had witnessed packages being thrown over the wall ""four times in two weeks.""
""It's getting quite bad at the minute. The prison wants us to come to an evening to talk about what to do if anything does get thrown over,"" she said.
""I don't feel frightened, but obviously it's not nice - I always lock the doors and everything.""
The former inmate claimed drones were used to fly contraband goods ""straight up to prison windows"", but the Ministry of Justice said there was no evidence of drones coming into the Chelmsford site.
The spokeswoman said laws had been introduced which mean people who smuggle packages over prison walls could be jailed for up to two years.
      </Article>

      <Summary>
      drones could be used to smuggle drugs into a prison, a prison official has said.
      </Summary>

      Answer:
      ","Let's analyze the summary and the article step by step to determine if they are consistent.

1. **Summary Claim**: The summary states that ""drones could be used to smuggle drugs into a prison, a prison official has said.""

2. **Article Content**:
   - The article mentions that a former inmate claimed drones were used to fly contraband goods ""straight up to prison windows.""
   - However, the Ministry of Justice (the official source in the article) explicitly stated that ""there was no evidence of drones coming into the Chelmsford site.""
   - The article does not quote any prison official suggesting that drones could be used to smuggle drugs. The only mention of drones is from a former inmate, and it is contradicted by the official statement.

3. **Consistency Check**:
   - The summary attributes the claim about drones to a ""prison official,"" but the article does not support this attribution. The official statement in the article denies the use of drones at the prison.
   - The summary also implies that the official acknowledged the possibility of drones being used, which is not supported by the article.

4. **Conclusion**: The summary is not consistent with the article because it misattributes the claim about drones to a prison official and misrepresents the official stance on the issue.

Answer: inconsistent."
70,"Decide if the following summary is consistent with the corresponding article.
      Note that consistency means all information in the summary is supported by the article.
      Explain your reasoning step by step first, and then answer (consistent or inconsistent) at the end:
      <Article>
      Share this withEmailFacebookMessengerMessengerTwitterPinterestWhatsAppLinkedInCopy this linkThe claims against the agricultural commodities trader were made in a report by Mighty, a US-based environmental lobby group.Mighty also accuses Olam and its main stakeholder, Singapore state-owned investment company Temasek, of turning a blind eye to these practices.Both companies reject the allegations.Singapore and Malaysia regularly suffer from haze caused by slash-and-burn practices by small-scale farmers and rogue palm oil traders in Indonesia.Indonesia is often blamed for not doing enough to tackle the agriculture fires used to clear vegetation for palm oil, pulp and paper plantations in the Riau province in East Sumatra, South Sumatra, and parts of Kalimantan on Indonesian Borneo.Singapore-based Olam has confirmed that it buys 99% of its palm oil from third party suppliers and while it is a relative newcomer to the industry, it says it accounts for less than 1% of the global market.Mighty's report says Olam and Temask could be unwittingly encouraging unsustainable palm oil trading practices that may contribute to the haze that is caused by the fires.It also says Olam created a ""secretive market for rogue palm oil companies"" that allowed the vast majority of its product to be bought from unknown sources.But Olam chief executive Sunny Verghese told the BBC that the firm had a ""very vigorous sourcing policy and we insist that there is zero tolerance for burning, so it's a 'no burn-no peat-no deforestation' compliance policy"".The company only agreed to release the names of its 14 suppliers on Monday, having previously resisted calls by Mighty to do so.Mr Verghese said he believed the firm's current suppliers all met Olam's strict requirements, but added that the vetting and verification process would take several more years to complete.He added that producers who do not comply with the company's sustainable principles would be removed from its supply chain.Since Temasek is the majority stake holder in Olam, Mighty's allegations could link Singapore's state fund to the devastating annual haze affecting Singapore, Thailand, Malaysia and Indonesia - if the claims of sourcing from rogue palm oil producers are proven.Temasek's investment in Olam means that ""the people of Singapore have unwittingly financed what is likely one of the world's black boxes for the kind of unsustainably produced palm oil that fuels the haze,"" the report says.Temasek has dismissed the allegations, explaining that they ""fully support no-burn policies for land clearance, and would urge oil palm companies and plantation owners to do the same.""The fund told the BBC: ""Olam's operations are properly matters for the board and management of Olam to address.""As a matter of proper governance, Temasek does not direct the business operations of our portfolio companies, including Olam.""It would be fair to say that the palm oil industry globally has a troubled track record.It is one of the world's biggest industries, projected to be worth $88bn by 2022 but also often accused of unfair and illegal labour practices, as well as deforestation and the burning of plantations.Green groups and palm oil executives often find themselves at loggerheads with one another - NGOs say that the industry is wilfully turning a blind eye to environmentally unfriendly practices, while palm oil executives claim it is an industry-wide problem, and policing third party suppliers is impossible.Activists say governments need to punish palm oil firms that don't comply with acceptable standards of protecting the environment - but changing the government mindset can be challenging, because the reality is many of these firms bring jobs and investment to rural areas.The report also highlights concerns in the African state of Gabon, where according to Mighty, Olam ""bulldozes rainforests to establish monoculture palm oil plantations,"" bringing the same practices to Africa ""that have destroyed vast natural landscapes in Southeast Asia"".In response to the accusation that Olam is responsible for vast forest clearings through its joint ventures with the government of Gabon, Olam said its private-public partnerships in the country strove to be both responsible and transparent.""We agree with Gabon's sovereign right to convert a tiny percentage of its least valuable forested land for agriculture, so long as it is responsibly and transparently done,"" it said.""Our plans and progress for developing sustainable palm oil plantations have been shared transparently with stakeholders and put in the public domain.""
      </Article>

      <Summary>
      one of singapore\'s largest oil producers, mighty, has claimed that it is shutting down oil prices in the east of the country.
      </Summary>

      Answer:
      ","Let's analyze the summary and the article step by step to determine if they are consistent.

1. **Subject of the Summary**: The summary mentions ""one of Singapore's largest oil producers, Mighty."" However, in the article, Mighty is described as a ""US-based environmental lobby group,"" not an oil producer. This is a significant discrepancy.

2. **Action Claimed in the Summary**: The summary states that Mighty ""has claimed that it is shutting down oil prices in the east of the country."" The article does not mention anything about Mighty shutting down oil prices or any actions related to oil price manipulation. Instead, the article discusses Mighty's accusations against Olam and Temasek regarding unsustainable palm oil trading practices and environmental damage.

3. **Geographical Focus**: The summary mentions ""the east of the country,"" but the article focuses on regions like Riau province in East Sumatra, South Sumatra, and parts of Kalimantan on Indonesian Borneo, as well as Gabon in Africa. There is no mention of any actions or claims related to ""the east of the country"" in the article.

4. **Overall Consistency**: None of the information in the summary is supported by the article. The subject, action, and geographical focus in the summary do not align with the content of the article.

**Final Answer**: inconsistent."
71,"Decide if the following summary is consistent with the corresponding article.
      Note that consistency means all information in the summary is supported by the article.
      Explain your reasoning step by step first, and then answer (consistent or inconsistent) at the end:
      <Article>
      The 25-year-old moved to the Red Rose from Somerset in 2013 and his new deal ties him to the club until 2019.Short-format specialist Buttler has scored England's three fastest ODI centuries, including a 46-ball ton against Pakistan last year.""Jos is one of the most talented cricketers in the game,"" said cricket director and head coach Ashley Giles.""His presence in last year's T20 Blast final at Edgbaston was a factor in us winning the competition.""Jos is a great guy to have in the dressing room too and his experience at international level really benefits the squad.""Buttler, who has been playing in the Indian Premier League with Mumbai Indians, will return to Lancashire for Friday's T20 Blast home game against Durham.
      </Article>

      <Summary>
      england wicketkeeper jos buttler has signed a new contract with the indian premier league side.
      </Summary>

      Answer:
      ","Let's analyze the summary and the article step by step to determine if they are consistent.

1. **Subject of the Summary**: The summary states that ""England wicketkeeper Jos Buttler has signed a new contract with the Indian Premier League side.""

2. **Key Information in the Article**:
   - Jos Buttler is mentioned as a ""short-format specialist"" and an England cricketer.
   - The article mentions that he has signed a new deal, but it specifies that this deal ties him to ""the Red Rose"" (Lancashire Cricket Club) until 2019, not the Indian Premier League (IPL).
   - It does mention that Buttler has been playing in the IPL with Mumbai Indians, but there is no information about him signing a new contract with an IPL side.
   - The focus of the article is on his commitment to Lancashire and his contributions to England and Lancashire, not on any new IPL contract.

3. **Consistency Check**:
   - The summary claims Buttler signed a new contract with an IPL side, but the article only mentions his existing involvement with the IPL (playing for Mumbai Indians) and his new contract with Lancashire. There is no mention of a new IPL contract.

4. **Conclusion**: The summary introduces information (new IPL contract) that is not supported by the article. Therefore, the summary is not consistent with the article.

Answer: inconsistent"
72,"Decide if the following summary is consistent with the corresponding article.
      Note that consistency means all information in the summary is supported by the article.
      Explain your reasoning step by step first, and then answer (consistent or inconsistent) at the end:
      <Article>
      Roma ended their four-month winless streak at home with a victory over Napoli in Serie A on Saturday in a key match for Champions League places. Miralem Pjanic finished off a swift counter-attack for Roma in the 25th minute and goalkeeper Morgan de Sanctis did the rest - saving shot after shot by Napoli in the second half. 'It's important to win a match and gain some continuity,' De Sanctis said. 'The last (four) months were tough in terms of results. So to win in front of our fans fills us with pride.' Miralem Pjanic slots home to put Roma ahead in the 25th minute after a clinical counter-attack . Pjanic (second left) celebrates with his team-mates Juan Iturbe, and Daniele de Rossi after scoring . Second-place Roma moved provisionally four points ahead of city rivals Lazio, who play later on Saturday. They had gone seven matches since their last home win - a 4-2 victory over Inter Milan on November 30. Meanwhile, Napoli's winless streak - home and away - was extended to five matches, and Diego Maradona's former club remained fifth. Security was tight for Napoli's first visit to Roma since a fan of the southern club died following a shooting before last season's Italian Cup final at the Stadio Olimpico. Napoli manager Rafa Benitez shows the strain after his side failed to win for the fifth straight game . Roma keeper Morgan de Sanctis (right) was excellent to deny the visitors and protect the three points . Residents of the entire Campania region that includes Naples were barred from buying tickets for the match and 1,000 police officers were called in to maintain order. But there were no reports of problems. Roma was without injured captain Francesco Totti and fellow forward Gervinho but Pjanic quickly made an impact with a free kick from 30 meters that sailed just wide of the post. A few minutes later, Juan Iturbe rapidly carried into the area and passed to Alessandro Florenzi, who from the right flank picked out Pjanic to slot it in. Roma full back Jose Holebas tracks Napoli midfielder Jose Callejon as Roma finally won at home . Iburte skips past Miguel Britoss during a vital win for Roma, who have fallen off the pace recently . Napoli may have had a case for a penalty when Kostas Manolas stopped Jonathan De Guzman in the 39th with shoulder contact but there wasn't much of a protest to referee Nicola Rizzoli, who officiated last year's World Cup final. In the second half, De Sanctis was superb in denying Dries Mertens on several occasions. The 38-year-old goalkeeper also made a leaping save on a shot from Manolo Gabbiadini in the 64th. Iturbe had a chance to make it 2-0 two minutes from time but hit the outside of the net. Napoli forward Lorenzo Insigne came on late for his first action since tearing his knee in November.
      </Article>

      <Summary>
      Roma beat Napoli 4-2 in Serie A The result was a reminder that Roma are still a long way off their potential to challenge for the title. They are still in the race for the top four but are still two points behind leaders Juventus. They are also struggling to find the right balance in their squad, with new signing Luciano Spalletti having been unable to pull off a win in his first match in charge.
      </Summary>

      Answer:
      ","Let's analyze the summary step by step to see if it's consistent with the article:

1. **Scoreline**: The summary states ""Roma beat Napoli 4-2"". However, the article mentions that Roma's last home win before this match was a 4-2 victory over Inter Milan on November 30. The actual scoreline for this match is 1-0 (Pjanic's goal in the 25th minute). This is incorrect in the summary.

2. **Title challenge**: The summary says ""the result was a reminder that Roma are still a long way off their potential to challenge for the title."" The article doesn't mention anything about Roma's title challenge or their potential in this regard.

3. **Points behind Juventus**: The summary mentions Roma being ""two points behind leaders Juventus."" The article doesn't mention Juventus at all or Roma's points difference with any team other than Lazio (they're four points ahead of Lazio).

4. **Squad balance and new signing**: The summary talks about ""struggling to find the right balance"" and mentions ""new signing Luciano Spalletti."" The article doesn't mention any squad balance issues or a new signing named Luciano Spalletti.

5. **First match in charge**: The summary mentions Spalletti ""having been unable to pull off a win in his first match in charge."" There's no mention of any new manager or first match in charge in the article.

The summary contains multiple pieces of information that either contradict the article (like the scoreline) or aren't mentioned at all (Juventus, Spalletti, title challenge comments). Therefore, the summary is not consistent with the article.

Answer: inconsistent"
73,"Decide if the following summary is consistent with the corresponding article.
      Note that consistency means all information in the summary is supported by the article.
      Explain your reasoning step by step first, and then answer (consistent or inconsistent) at the end:
      <Article>
      The report focuses on the impact of sea level rises on the Dawlish to Teignmouth line which connects Cornwall and Devon to the rest of the UK.The line was closed for two months in 2014 after it was destroyed by storms.Network Rail said the study would be ""key"" to long-term developments.The report, published in the Journal of Transport Geography, said that 10% of journeys on the line, which was rebuilt and reopened in April 2014, could be affected by 2040.The report said adverse weather disrupted the line about 10 days per year, but according to sea-level predictions that could rise to almost 40 by 2040 and up to 120 by 2100.Academics from Plymouth University, the University of Leeds and the University of York identified a link between sea-level change and rail incidents over the last 150 years.The academics said there could be similar implications for other vulnerable stretches of railway throughout Wales, south-east England, the Cumbrian coast and Scotland.Dr David Dawson, from the University of Leeds, said the long-term future of the line was ""really worrying"".The report predicts diverting routes could potentially cost billions of pounds.Network Rail said it hoped to develop ""long-term interventions"" to ""secure the future"" of the line.The Department for Transport said it had invested Â£31m into improving the resilience of the route and was ""exploring the potential for longer-term improvements in the area"".In January, the prime minister backed a new Okehampton railway route as the ""most resilient"" alternative to the vulnerable Dawlish line.
      </Article>

      <Summary>
      a study into the route of a railway line between the uk and the north-east of england has been described as ``inadequate\'\'by a report.
      </Summary>

      Answer:
      ","To determine if the summary is consistent with the article, let's analyze the information step by step:

1. **Subject of the Article**: The article discusses the impact of sea level rises on the Dawlish to Teignmouth railway line, which connects Cornwall and Devon to the rest of the UK. It mentions studies, predictions, and concerns about the line's future due to adverse weather and sea-level changes.

2. **Key Points in the Article**:
   - The line was closed in 2014 due to storms and later reopened.
   - A report predicts increased disruptions due to sea-level rises by 2040 and 2100.
   - Academics from several universities studied the link between sea-level changes and rail incidents.
   - The report highlights potential implications for other vulnerable railway stretches in the UK.
   - Network Rail and the Department for Transport are investing in improvements and long-term solutions.
   - The prime minister backed an alternative route (Okehampton) as more resilient.

3. **Summary Content**: The summary claims that a study into a railway line ""between the UK and the north-east of England"" has been described as ""inadequate"" by a report.

4. **Comparison**:
   - The article does not mention any railway line ""between the UK and the north-east of England."" The focus is on the Dawlish to Teignmouth line in the south-west (Cornwall and Devon).
   - The article does not describe any study as ""inadequate."" Instead, it presents the report as serious and ""key"" to long-term developments.
   - The summary's geographical focus (north-east) and criticism (""inadequate"") are entirely absent from the article.

5. **Conclusion**: The summary introduces information (location, criticism) that is not supported by the article. Therefore, it is inconsistent.

Answer: inconsistent."
74,"Decide if the following summary is consistent with the corresponding article.
      Note that consistency means all information in the summary is supported by the article.
      Explain your reasoning step by step first, and then answer (consistent or inconsistent) at the end:
      <Article>
      Sex advice was a lot more simple in the Eighties, says psychotherapist Philippa Perry in the BBC4 documentary Sex, Lies & Love Bites . The current generation of young people is the most confused about sex ever because of pornography, according to a psychotherapist. Philippa Perry, 57, has claimed that easy access to explicit videos and images has left many young people unable to have normal and healthy relationships. The mother-of-one added that the problem of young people not understanding the realities of sex is at least as bad now as it has ever been. An agony aunt for Red magazine and The Guardian, she said she comes across problems caused by pornography time and again and that men are increasingly turning to such columns for advice. The wife of Turner Prize-winning artist Grayson Perry, 54, she said: ‘These days people educate themselves about sex usually by watching the freely available pornography. They get a skewed idea about sex, thinking women have to be one way and it’s all about submission and domination when of course it isn’t. ‘People get the wrong idea about sex and lose their way because of pornography. I’m not against pornography but it is not the most helpful of sex education tools. The danger these days is posed by people being exposed too young to a certain type of sex and then they tend to think that is what sex is.’ This naivety about the reality of sex is different to that of young people from previous generations who turned to agony aunts for advice. While it used to be driven by a lack of knowledge about sex, the problem is now that people are exposed to pornography, often depicting aggressive and violent sex, at too young of an age. She said ‘it’s worse now, but I’m an old person so I would say that.’ She highlighted one case that she encountered of a young man who was so addicted to pornography that he could no longer become aroused by women in real life. She said this is not the only time she has come across this problem and that ‘it’s a huge problem in society.’ Mrs Perry, who is also a trained psychotherapist, made the comments ahead of presenting a new documentary for BBC4, broadcasting tonight. Sex, Lies and Love Bites: The Agony Aunt Story interviews advice columnists, from Graham Norton to the women behind Jackie magazine’s Cathy and Claire, to looks at how these columns reflect society’s changing attitudes, especially towards sex. Perry, 57, wife of Turner Prize-winning artist Grayson Perry, has claimed that easy access to explicit videos and images has left many young people unable to have normal and healthy relationships . Gayle Anderson, who wrote the Jackie column between 1981 and 1982, said the internet has changed everything. She told Mrs Perry: ‘There was no social media [in the 1980s]. Now you would google a problem, we were the 80s Google really. They were basically sitting there waiting for puberty to hit, they didn’t know what was going to happen. They didn’t have sex education, mainly at schools.’ Sandy Monks, who filled the same role for two years from 1974, said she saw herself as the readers’ ‘big sister’ imparting advice. This is a different tone from some modern day advice columnists, such as Graham Norton, who answers readers’ queries for The Telegraph. He said people should not take the suggestions too seriously and oddly implied that women should expect men to cheat on them. Perry interviews Agony Aunts from publications such as Jackie and Red magazine for the BBC4 documentary, airing on Tuesday night at 9pm . He told the programme: ‘Agony aunts and uncles, across time immemorial, are not always right. You’re in an odd position, where you’re meddling in strangers’ lives and you’re judging a whole situation by one side, you don’t get the other side. ‘Women overthink men far too much and they think men are thinking when they are not, they are just doing. Most men get into trouble through their wallet or through their willy. ‘Women think that willies are more complicated creature than they are. So don’t feel too bad when it ends up somewhere else.’ One of the big changes Mrs Perry has noticed in her own column is how an increasing number of men are turning to her for help. She put this down to a crisis in male identity and men struggling to conform to traditional stereotypes. She said: ‘There is quite a lot of pressure on men to be a certain way and they have more difficulty being themselves. It may be that women have more permission to be a tomboy than a man has to be more androgynous.’
      </Article>

      <Summary>
      the current generation of young people is the most confused about pornography.
      </Summary>

      Answer:
      ","To determine if the summary is consistent with the article, let's analyze the information step by step:

1. **Summary Claim**: The summary states that ""the current generation of young people is the most confused about pornography.""

2. **Article Content**: The article discusses how the current generation of young people is highly confused about sex due to easy access to pornography. It mentions that pornography skews their understanding of sex, leading to unhealthy relationships and unrealistic expectations. Phrases like ""the most confused about sex ever because of pornography"" and ""get a skewed idea about sex"" support this. The article also highlights specific problems, such as addiction to pornography and misunderstandings about sexual dynamics.

3. **Comparison**: The summary simplifies the article's focus on confusion about sex (caused by pornography) to confusion about pornography itself. While the article emphasizes confusion about sex due to pornography, it does not explicitly state that young people are confused about pornography as a subject. The confusion is more about the realities of sex versus the distorted portrayal in pornography.

4. **Consistency Check**: The summary is not fully consistent because it narrows the focus to confusion about pornography, whereas the article discusses confusion about sex (with pornography being the cause). The summary misrepresents the article's emphasis.

**Final Answer**: inconsistent."
